# x_m,y_m
-0.982543,-2.154675
-0.606787,-1.228011
-0.230919,-0.301391
0.145060,0.625185
0.521147,1.551719
0.897343,2.478209
1.273676,3.404642
1.650114,4.331033
2.026657,5.257383
2.403302,6.183692
2.780048,7.109962
3.156918,8.036178
3.533886,8.962356
3.910952,9.888495
4.288114,10.814596
4.665371,11.740659
5.042736,12.666675
5.420194,13.592654
5.797743,14.518598
6.175382,15.444506
6.553109,16.370379
6.930930,17.296210
7.308838,18.222006
7.686829,19.147770
8.064904,20.073500
8.443061,20.999199
8.821297,21.924860
9.199613,22.850490
9.578007,23.776089
9.956477,24.701658
10.335023,25.627197
10.713635,26.552704
11.092319,27.478182
11.471075,28.403632
11.849901,29.329055
12.228796,30.254450
12.607742,31.179819
12.986754,32.105161
13.365832,33.030478
13.744973,33.955770
14.124177,34.881037
14.503417,35.806283
14.882716,36.731505
15.262075,37.656704
15.641490,38.581881
16.020962,39.507035
16.400456,40.432173
16.780003,41.357291
17.159602,42.282388
17.539252,43.207465
17.918952,44.132523
18.298659,45.057569
18.678413,45.982597
19.058213,46.907607
19.438057,47.832601
19.817944,48.757577
20.197824,49.682547
20.577745,50.607502
20.957705,51.532441
21.337702,52.457366
21.717737,53.382277
22.097749,54.307186
22.477796,55.232083
22.857876,56.156967
23.237987,57.081839
23.618128,58.006700
23.998233,58.931565
24.378365,59.856419
24.758524,60.781264
25.138708,61.706099
25.518915,62.630925
25.899072,63.555759
26.279250,64.480586
26.659448,65.405406
27.039664,66.330219
27.419898,67.255025
27.800067,68.179842
28.180250,69.104654
28.560447,70.029461
28.940656,70.954264
29.320876,71.879064
29.701027,72.803875
30.081185,73.728684
30.461351,74.653491
30.841522,75.578296
31.221698,76.503100
31.601802,77.427918
31.981908,78.352736
32.362015,79.277555
32.742120,80.202374
33.122223,81.127195
33.502252,82.052032
33.882277,82.976871
34.262295,83.901714
34.642306,84.826559
35.022308,85.751409
35.402234,86.676277
35.782149,87.601150
36.162051,88.526028
36.541939,89.450912
36.921812,90.375803
37.301607,91.300715
37.681384,92.225633
38.061142,93.150560
38.440879,94.075495
38.820594,95.000439
39.200229,95.925406
39.579839,96.850383
39.959424,97.775370
40.338981,98.700368
40.718510,99.625378
41.097957,100.550412
41.477372,101.475458
41.856756,102.400517
42.236106,103.325590
42.615421,104.250677
42.994651,105.175791
43.373843,106.100920
43.752997,107.026064
44.132111,107.951224
44.511183,108.876401
44.890168,109.801607
45.269109,110.726830
45.648005,111.652071
46.026854,112.577331
46.405656,113.502610
46.784367,114.427919
47.163029,115.353248
47.541638,116.278598
47.920194,117.203969
48.298697,118.129362
48.677107,119.054787
49.055460,119.980235
49.433754,120.905706
49.811990,121.831201
50.190164,122.756720
50.568244,123.682274
50.946261,124.607852
51.324213,125.533457
51.702099,126.459087
52.079917,127.384744
52.457639,128.310438
52.835290,129.236160
53.212871,130.161910
53.590379,131.087688
53.967813,132.013496
54.345147,132.939342
54.722405,133.865219
55.099586,134.791126
55.476687,135.717064
55.853709,136.643034
56.230628,137.569045
56.607465,138.495089
56.984218,139.421166
57.360885,140.347276
57.737465,141.273421
58.113941,142.199609
58.490328,143.125833
58.866624,144.052091
59.242829,144.978387
59.618940,145.904719
59.994944,146.831095
60.370853,147.757510
60.746664,148.683962
61.122376,149.610454
61.497989,150.536985
61.873494,151.463563
62.248896,152.390181
62.624194,153.316841
62.999388,154.243541
63.374475,155.170284
63.749450,156.097075
64.124317,157.023909
64.499074,157.950786
64.873719,158.877707
65.248251,159.804673
65.622671,160.731690
65.996974,161.658752
66.371162,162.585860
66.745231,163.513015
67.119180,164.440216
67.493014,165.367470
67.866727,166.294773
68.240315,167.222123
68.613780,168.149523
68.987118,169.076972
69.360339,170.004477
69.733432,170.932032
70.106394,171.859639
70.479226,172.787296
70.851926,173.715006
71.224504,174.642773
71.596948,175.570592
71.969256,176.498465
72.341426,177.426392
72.713457,178.354374
73.085366,179.282416
73.457134,180.210513
73.828759,181.138666
74.200240,182.066876
74.571576,182.995143
74.942786,183.923470
75.313849,184.851856
75.684762,185.780301
76.055525,186.708805
76.426136,187.637368
76.796620,188.565995
77.166950,189.494683
77.537123,190.423432
77.907140,191.352243
78.276999,192.281115
78.646728,193.210054
79.016297,194.139056
79.385703,195.068122
79.754946,195.997252
80.124024,196.926446
80.492809,197.855772
80.861109,198.785288
81.228929,199.714993
81.596276,200.644884
81.963155,201.574960
82.329609,202.505219
82.695607,203.435659
83.061153,204.366276
83.426252,205.297069
83.790911,206.228035
84.155177,207.159173
84.519013,208.090481
84.882426,209.021956
85.245420,209.953595
85.608001,210.885398
85.970221,211.817361
86.332039,212.749483
86.693460,213.681761
87.054491,214.614193
87.415136,215.546777
87.775452,216.479511
88.135394,217.412392
88.494967,218.345419
88.854177,219.278589
89.213029,220.211900
89.571584,221.145351
89.929792,222.078938
90.287659,223.012659
90.645190,223.946513
91.002391,224.880497
91.359326,225.814609
91.715942,226.748847
92.072245,227.683209
92.428239,228.617692
92.783931,229.552295
93.139389,230.487015
93.494556,231.421849
93.849437,232.356797
94.204037,233.291855
94.558362,234.227022
94.912485,235.162295
95.266345,236.097672
95.619946,237.033151
95.973294,237.968730
96.326395,238.904407
96.679326,239.840178
97.032021,240.776043
97.384484,241.711999
97.736723,242.648045
98.088742,243.584177
98.440622,244.520393
98.792294,245.456692
99.143763,246.393071
99.495034,247.329528
99.846112,248.266062
100.197085,249.202667
100.547876,250.139345
100.898492,251.076093
101.248937,252.012908
101.599219,252.949788
101.949425,253.886730
102.299479,254.823733
102.649384,255.760794
102.999147,256.697913
103.348773,257.635086
103.698356,258.572309
104.047813,259.509582
104.397150,260.446904
104.746372,261.384271
105.095485,262.321682
105.444586,263.259132
105.793589,264.196621
106.142500,265.134147
106.491323,266.071709
106.840064,267.009304
107.188827,267.946926
107.537519,268.884577
107.886145,269.822254
108.234712,270.759956
108.583225,271.697679
108.931791,272.635419
109.280313,273.573177
109.628798,274.510951
109.977251,275.448738
110.325677,276.386536
110.674187,277.324339
111.022682,278.262149
111.371167,279.199964
111.719648,280.137782
112.068129,281.075600
112.416727,282.013412
112.765338,282.951220
113.113965,283.889022
113.462616,284.826816
113.811295,285.764599
114.160123,286.702365
114.508990,287.640117
114.857902,288.577851
115.206865,289.515567
115.555884,290.453261
115.905083,291.390926
116.254349,292.328566
116.603688,293.266178
116.953105,294.203760
117.302606,295.141310
117.652319,296.078819
118.002126,297.016293
118.352034,297.953727
118.702047,298.891121
119.052172,299.828472
119.402540,300.765772
119.753031,301.703024
120.103649,302.640227
120.454401,303.577378
120.805292,304.514475
121.156458,305.451509
121.507773,306.388485
121.859245,307.325400
122.210877,308.262253
122.562676,309.199041
122.914781,310.135755
123.267064,311.072400
123.619531,312.008973
123.972185,312.945473
124.325034,313.881897
124.677330,314.815991
125.029848,315.750054
125.382591,316.684085
125.735564,317.618078
126.088774,318.552031
126.444947,319.470744
126.801334,320.389683
127.157945,321.308840
127.514788,322.228207
127.871869,323.147778
128.265355,324.028351
128.658832,324.909500
129.052325,325.791230
129.445862,326.673544
129.839467,327.556442
130.310406,328.375282
130.780964,329.195104
131.251210,330.015955
131.721220,330.837875
132.191069,331.660895
132.782630,332.400510
133.373754,333.141267
133.964541,333.883228
134.555095,334.626444
135.145528,335.370951
135.870906,336.010547
136.596063,336.651131
137.321085,337.292739
138.046064,337.935397
138.771092,338.579118
139.597078,339.091180
140.422907,339.604187
141.248671,340.118165
142.074462,340.633131
142.900374,341.149088
143.793379,341.508915
144.686221,341.869812
145.579005,342.231811
146.471838,342.594932
147.364826,342.959185
148.304270,343.162613
149.243762,343.366643
150.183349,343.571281
151.123077,343.776532
152.062992,343.982395
153.037041,344.061290
154.011178,344.140383
154.985416,344.219676
155.959763,344.299173
156.934231,344.378874
157.929777,344.371190
158.925374,344.363499
159.921022,344.355804
160.916722,344.348111
161.912474,344.340422
162.907816,344.283073
163.903209,344.225770
164.898654,344.168517
165.894155,344.111318
166.889714,344.054176
167.863932,343.942184
168.838249,343.830523
169.812686,343.719194
170.787263,343.608195
171.762002,343.497525
172.700058,343.294119
173.638331,343.091474
174.576890,342.889579
175.515800,342.688414
176.455126,342.487954
177.348853,342.154906
178.242956,341.822747
179.137522,341.491448
180.032632,341.160970
180.928366,340.831267
181.772724,340.355535
182.617483,339.880411
183.462695,339.405867
184.308411,338.931872
185.154678,338.458391
185.940674,337.864568
186.727049,337.271149
187.513837,336.678113
188.301067,336.085435
189.088769,335.493092
189.806820,334.809477
190.525249,334.126157
191.244076,333.443113
191.963325,332.760324
192.683016,332.077770
193.320816,331.332905
193.959126,330.588357
194.597977,329.844093
195.237392,329.100083
195.877396,328.356290
196.416894,327.557904
196.957147,326.759871
197.498192,325.962135
198.040062,325.164633
198.582783,324.367305
199.004242,323.512627
199.426720,322.658253
199.850257,321.804092
200.274884,320.950048
200.700623,320.096023
200.986503,319.179065
201.273408,318.262190
201.561358,317.345307
201.850365,316.428324
202.140433,315.511148
202.287418,314.543911
202.435247,313.576540
202.583916,312.608967
202.733416,311.641125
202.883733,310.672948
202.899813,309.683148
202.916583,308.693074
202.934028,307.702674
202.952133,306.711896
202.970877,305.720694
202.864759,304.735724
202.759176,303.750394
202.654109,302.764664
202.549540,301.778500
202.445446,300.791867
202.229853,299.829241
202.014545,298.866297
201.799510,297.903019
201.584734,296.939395
201.370205,295.975409
201.075899,295.029694
200.781726,294.083785
200.487679,293.137679
200.193755,292.191373
199.899948,291.244863
199.563174,290.306218
199.226505,289.367504
198.889937,288.428721
198.553468,287.489868
198.217096,286.550946
197.872468,285.613055
197.527945,284.675134
197.183524,283.737182
196.839205,282.799200
196.494984,281.861189
196.152765,280.922534
195.810641,279.983850
195.468609,279.045139
195.126668,278.106401
194.784814,277.167637
194.444574,276.228343
194.104417,275.289023
193.764342,274.349678
193.424346,273.410309
193.084428,272.470915
192.745694,271.531114
192.407032,270.591288
192.068441,269.651440
191.729920,268.711569
191.391465,267.771677
191.053763,266.831498
190.716123,265.891297
190.378544,264.951075
190.041023,264.010832
189.703559,263.070570
189.366416,262.130142
189.029326,261.189693
188.692285,260.249226
188.355292,259.308740
188.018344,258.368236
187.681289,257.427686
187.344274,256.487118
187.007298,255.546533
186.670359,254.605931
186.333455,253.665314
185.996013,252.724770
185.658601,251.784210
185.321217,250.843635
184.983859,249.903045
184.646524,248.962440
184.308222,248.022029
183.969939,247.081604
183.631673,246.141165
183.293422,245.200713
182.955184,244.260248
182.615547,243.320097
182.275919,242.379933
181.936298,241.439757
181.596680,240.499570
181.257065,239.559372
180.915621,238.619608
180.574175,237.679833
180.232724,236.740048
179.891267,235.800253
179.549801,234.860449
179.206075,233.921199
178.862337,232.981940
178.518583,232.042673
178.174812,231.103398
177.831021,230.164116
177.484541,229.225509
177.138037,228.286894
176.791506,227.348273
176.444948,226.409647
176.098360,225.471015
175.748660,224.533190
175.398927,223.595363
175.049158,222.657536
174.699352,221.719708
174.349506,220.781881
173.996862,219.844828
173.644177,218.907785
173.291450,217.970754
172.938679,217.033736
172.585862,216.096730
172.232090,215.160008
171.878271,214.223309
171.524404,213.286635
171.170486,212.349986
170.816516,211.413364
170.463630,210.476468
170.110692,209.539610
169.757698,208.602789
169.404647,207.666006
169.051536,206.729261
168.701549,205.791688
168.351503,204.854163
168.001393,203.916688
167.651219,202.979262
167.300978,202.041887
166.955899,201.103126
166.610751,200.164425
166.265533,199.225785
165.920243,198.287205
165.574877,197.348686
165.236709,196.408224
164.898464,195.467831
164.560140,194.527509
164.221734,193.587258
163.883244,192.647078
163.553987,191.704393
163.224643,190.761788
162.895210,189.819263
162.565685,188.876817
162.236067,187.934450
161.917712,186.989017
161.599260,186.043671
161.280708,185.098413
160.962054,184.153241
160.643294,183.208155
160.337828,182.259439
160.032253,181.310816
159.726566,180.362286
159.420764,179.413848
159.114844,178.465502
158.824245,177.512958
158.533524,176.560511
158.242677,175.608161
157.951702,174.655907
157.660597,173.703749
157.386835,172.746819
157.112936,171.789990
156.838897,170.833260
156.564716,169.876627
156.290389,168.920091
156.035426,167.958207
155.780311,166.996423
155.525041,166.034737
155.269612,165.073147
155.014021,164.111653
154.779800,163.144172
154.545409,162.176788
154.310847,161.209497
154.076110,160.242299
153.841196,159.275190
153.628998,158.301632
153.416081,157.328271
153.202454,156.355094
152.988124,155.382090
152.773100,154.409246
152.580892,153.430716
152.388007,152.452323
152.194455,151.474055
152.000243,150.495900
151.805382,149.517847
151.633401,148.535139
151.460790,147.552513
151.287556,146.569956
151.113710,145.587460
150.939262,144.605012
150.787762,143.618947
150.635679,142.632912
150.483023,141.646898
150.329804,140.660895
150.176033,139.674894
150.045279,138.686317
149.913994,137.697724
149.782187,136.709108
149.649869,135.720460
149.517052,134.731772
149.407323,133.741553
149.297116,132.751278
149.186442,131.760941
149.075310,130.770533
148.963732,129.780047
148.875309,128.789002
148.786462,127.797869
148.697205,126.806642
148.607547,125.815315
148.517500,124.823881
148.449994,123.832300
148.382123,122.840613
148.313901,121.848816
148.245338,120.856905
148.176445,119.864874
148.128022,118.872186
148.079295,117.879387
148.030275,116.886470
147.980973,115.893435
147.931401,114.900276
147.900035,113.905847
147.868422,112.911306
147.836575,111.916651
147.804505,110.921879
147.772223,109.926989
147.755881,108.930226
147.739350,107.933359
147.722642,106.936385
147.705768,105.939305
147.688740,104.942116
147.685381,103.942463
147.681890,102.942719
147.678278,101.942883
147.674556,100.942954
147.670736,99.942931
147.678314,98.939859
147.685815,97.936713
147.693250,96.933494
147.700629,95.930202
147.707965,94.926836
147.724284,93.919925
147.740578,92.913003
147.756859,91.906069
147.773137,90.899125
147.789422,89.892169
147.807147,88.883013
147.824899,87.873960
147.842687,86.865009
147.860525,85.856161
147.878422,84.847415
147.883758,83.839805
147.889180,82.832413
147.894700,81.825237
147.900331,80.818275
147.906085,79.811525
147.884898,78.809375
147.863874,77.807549
147.843030,76.806041
147.822378,75.804847
147.801935,74.803963
147.740230,73.811131
147.678795,72.818712
147.617648,71.826694
147.556806,70.835068
147.496285,69.843822
147.380263,68.864029
147.264652,67.884704
147.149471,66.905829
147.034740,65.927385
146.920476,64.949351
146.736536,63.985950
146.553175,63.023018
146.370415,62.060525
146.188273,61.098441
146.006768,60.136734
145.741842,59.191833
145.477623,58.247298
145.214128,57.303089
144.951371,56.359168
144.689363,55.415495
144.340137,54.494686
143.991690,53.574081
143.644030,52.653639
143.297164,51.733319
142.951096,50.813075
142.521816,49.925390
142.093362,49.037737
141.665736,48.150072
141.238938,47.262349
140.812965,46.374522
140.307997,45.529030
139.803881,44.683384
139.300609,43.837537
138.798173,42.991440
138.296561,42.145045
137.720187,41.350730
137.144661,40.556060
136.569966,39.760983
135.996081,38.965450
135.422985,38.169409
134.779355,37.435140
134.136532,36.700295
133.494484,35.964824
132.853181,35.228673
132.212587,34.491793
131.505368,33.826048
130.798852,33.159507
130.092997,32.492118
129.387757,31.823831
128.683085,31.154600
127.914164,30.562571
127.145532,29.969928
126.377155,29.376657
125.608996,28.782748
124.841020,28.188188
124.016467,27.663726
123.192049,27.138732
122.367741,26.613203
121.543518,26.087136
120.719357,25.560529
119.849459,25.091256
118.979606,24.621546
118.109783,24.151399
117.239974,23.680818
116.370163,23.209805
115.465667,22.783322
114.561181,22.356489
113.656697,21.929309
112.752204,21.501787
111.847694,21.073926
110.919642,20.677721
109.991607,20.281240
109.063584,19.884489
108.135567,19.487470
107.207551,19.090191
106.267162,18.711612
105.326827,18.332820
104.386545,17.953819
103.446311,17.574615
102.506123,17.195213
101.565166,16.821660
100.624307,16.447940
99.683545,16.074060
98.742879,15.700027
97.802306,15.325844
96.871099,14.947993
95.939975,14.570002
95.008933,14.191877
94.077971,13.813624
93.147087,13.435248
92.224523,13.054541
91.302008,12.673712
90.379539,12.292767
89.457115,11.911712
88.534733,11.530551
87.616874,11.150988
86.699025,10.771318
85.781184,10.391548
84.863350,10.011684
83.945518,9.631730
83.028402,9.257293
82.111258,8.882766
81.194081,8.508154
80.276870,8.133461
79.359622,7.758694
78.439276,7.393363
77.518860,7.027956
76.598371,6.662480
75.677808,6.296939
74.757168,5.931340
73.829612,5.579096
72.901946,5.226793
71.974169,4.874439
71.046278,4.522038
70.118271,4.169598
69.179399,3.834360
68.240412,3.499096
67.301309,3.163814
66.362088,2.828519
65.422747,2.493218
64.471869,2.174112
63.520944,1.855038
62.569969,1.536000
61.618945,1.217004
60.667868,0.898055
59.711813,0.583801
58.755785,0.269632
57.799782,-0.044447
56.843802,-0.358430
55.887842,-0.672311
54.934374,-0.994382
53.981002,-1.316313
53.027721,-1.638097
52.074528,-1.959730
51.121420,-2.281204
50.178259,-2.623739
49.235250,-2.966071
48.292388,-3.308193
47.349665,-3.650100
46.407076,-3.991785
45.481868,-4.367373
44.556850,-4.742684
43.632013,-5.117713
42.707348,-5.492450
41.782844,-5.866891
40.883114,-6.288040
39.983588,-6.708826
39.084250,-7.129241
38.185086,-7.549279
37.286080,-7.968934
36.420006,-8.447861
35.554136,-8.926288
34.688446,-9.404210
33.822909,-9.881622
32.957501,-10.358520
32.145516,-10.909560
31.333681,-11.459863
30.521950,-12.009432
29.710273,-12.558271
28.898601,-13.106389
28.175095,-13.747159
27.451525,-14.386902
26.727807,-15.025644
26.003857,-15.663421
25.279593,-16.300278
24.677113,-17.050284
24.074220,-17.799186
23.470815,-18.547052
22.866804,-19.293956
22.262101,-20.039985
21.800805,-20.904845
21.339038,-21.768975
20.876750,-22.632432
20.413895,-23.495277
19.950433,-24.357576
19.630190,-25.303243
19.309438,-26.248410
18.988152,-27.193124
18.666305,-28.137437
18.343880,-29.081402
18.161302,-30.067404
17.978189,-31.053063
17.794524,-32.038422
17.610295,-33.023529
17.425494,-34.008431
17.376696,-34.999023
17.327332,-35.989396
17.277394,-36.979595
17.226877,-37.969666
17.175781,-38.959653
17.256138,-39.937918
17.335917,-40.916083
17.415117,-41.894192
17.493742,-42.872290
17.571798,-43.850421
17.776613,-44.803823
17.980856,-45.757238
18.184533,-46.710711
18.387656,-47.664283
18.590238,-48.617996
18.914863,-49.533946
19.238936,-50.450018
19.562472,-51.366253
19.885487,-52.282692
20.208003,-53.199372
20.647828,-54.065259
21.087135,-54.931371
21.525946,-55.797747
21.964284,-56.664423
22.402175,-57.531435
22.952644,-58.334660
23.502642,-59.138205
24.052199,-59.942107
24.601344,-60.746401
25.150109,-61.551117
25.807125,-62.279537
26.463758,-63.008345
27.120039,-63.737570
27.776004,-64.467240
28.431685,-65.197378
29.186776,-65.840997
29.941609,-66.485010
30.696213,-67.129437
31.450619,-67.774295
32.204857,-68.419596
33.038154,-68.971695
33.871293,-69.524182
34.704301,-70.077068
35.537203,-70.630362
36.370027,-71.184074
37.259635,-71.638285
38.149157,-72.092896
39.038619,-72.547915
39.928048,-73.003346
40.817472,-73.459194
41.737460,-73.804733
42.657354,-74.150980
43.577223,-74.497949
44.497134,-74.845647
45.417156,-75.194074
46.356833,-75.381355
47.296501,-75.569759
48.236306,-75.759294
49.176392,-75.949953
50.116898,-76.141707
51.084808,-76.124544
52.052968,-76.108387
53.021459,-76.093217
53.990359,-76.079007
54.959744,-76.065727
55.935169,-75.920097
56.910906,-75.775116
57.886981,-75.630766
58.863420,-75.487031
59.840246,-75.343892
60.806246,-75.134308
61.772601,-74.925269
62.739328,-74.716760
63.706444,-74.508764
64.673963,-74.301265
65.631709,-74.041743
66.589817,-73.782688
67.548299,-73.524085
68.507163,-73.265922
69.466419,-73.008185
70.417923,-72.709811
71.369761,-72.411847
72.321939,-72.114284
73.274462,-71.817110
74.227335,-71.520312
75.174425,-71.194319
76.121792,-70.868704
77.069440,-70.543458
78.017370,-70.218571
78.965583,-69.894035
79.909947,-69.551788
80.854509,-69.209904
81.799270,-68.868376
82.744227,-68.527197
83.689380,-68.186359
84.632578,-67.839327
85.575880,-67.492657
86.519281,-67.146341
87.462778,-66.800372
88.406368,-66.454745
89.349870,-66.113902
90.293423,-65.773401
91.237021,-65.433234
92.180661,-65.093396
93.124338,-64.753880
94.068898,-64.422992
95.013497,-64.092409
95.958132,-63.762124
96.902797,-63.432132
97.847489,-63.102425
98.793191,-62.780164
99.738923,-62.458170
100.684683,-62.136438
101.630468,-61.814961
102.576274,-61.493731
103.523197,-61.178655
104.470147,-60.863809
105.417120,-60.549187
106.364113,-60.234781
107.311123,-59.920586
108.259363,-59.611250
109.207627,-59.302107
110.155912,-58.993148
111.104214,-58.684368
112.052532,-58.375759
113.002195,-58.070718
113.951881,-57.765829
114.901586,-57.461087
115.851309,-57.156484
116.801045,-56.852013
117.752213,-56.549828
118.703401,-56.247756
119.654606,-55.945793
120.605827,-55.643931
121.557060,-55.342163
122.509574,-55.041686
123.462091,-54.741291
124.414609,-54.440970
125.367125,-54.140717
126.319637,-53.840525
127.273381,-53.542007
128.227104,-53.243538
129.180804,-52.945114
130.134479,-52.646725
131.088126,-52.348366
132.043064,-52.052611
132.997959,-51.756875
133.952806,-51.461150
134.907605,-51.165431
135.862353,-50.869709
136.818452,-50.577522
137.774484,-50.285322
138.730447,-49.993103
139.686338,-49.700855
140.642155,-49.408573
141.599383,-49.120758
142.556522,-48.832896
143.513568,-48.544982
144.470521,-48.257007
145.427378,-47.968965
146.385707,-47.686318
147.343925,-47.403592
148.302029,-47.120780
149.260019,-46.837874
150.217892,-46.554866
151.177298,-46.278182
152.136573,-46.001384
153.095715,-45.724465
154.054722,-45.447418
155.013593,-45.170236
155.974060,-44.900302
156.934376,-44.630219
157.894541,-44.359981
158.854553,-44.089578
159.814410,-43.819004
160.775930,-43.556603
161.737282,-43.294016
162.698466,-43.031237
163.659480,-42.768257
164.620325,-42.505069
165.582898,-42.250975
166.545290,-41.996658
167.507499,-41.742110
168.469525,-41.487324
169.431367,-41.232291
170.395009,-40.987271
171.358456,-40.741990
172.321709,-40.496439
173.284767,-40.250610
174.247630,-40.004495
175.212369,-39.769309
176.176903,-39.533821
177.141234,-39.298023
178.105362,-39.061907
179.069288,-38.825463
180.035169,-38.600862
181.000839,-38.375917
181.966301,-38.150620
182.931554,-37.924963
183.896600,-37.698937
184.863905,-37.485608
185.831001,-37.271894
186.797889,-37.057785
187.764570,-36.843273
188.731048,-36.628349
189.700313,-36.426535
190.669379,-36.224294
191.638248,-36.021616
192.606922,-35.818493
193.575403,-35.614917
194.546721,-35.424153
195.517852,-35.232919
196.488799,-35.041207
197.459565,-34.849010
198.430151,-34.656317
199.403552,-34.476051
200.376780,-34.295274
201.349839,-34.113979
202.322730,-33.932157
203.295457,-33.749799
204.270977,-33.579482
205.246339,-33.408614
206.221547,-33.237187
207.196603,-33.065193
208.171511,-32.892623
209.149135,-32.731392
210.126516,-32.568950
211.103663,-32.405307
212.080588,-32.240475
213.057302,-32.074467
214.036676,-31.919192
215.015860,-31.762765
215.994864,-31.605198
216.973699,-31.446502
217.952374,-31.286690
218.933232,-31.137423
219.913949,-30.987062
220.894536,-30.835620
221.875004,-30.683109
222.855361,-30.529542
223.837188,-30.387101
224.818929,-30.243623
225.800592,-30.099121
226.782188,-29.953608
227.763726,-29.807094
228.746431,-29.673144
229.729105,-29.538214
230.711758,-29.402317
231.694400,-29.265465
232.677040,-29.127672
233.660582,-29.003930
234.644152,-28.879266
235.627760,-28.753693
236.611415,-28.627224
237.595129,-28.499872
238.579486,-28.388059
239.563931,-28.275384
240.548476,-28.161858
241.533130,-28.047497
242.517903,-27.932314
243.503071,-27.834159
244.488391,-27.735202
245.473873,-27.635457
246.459526,-27.534938
247.445361,-27.433659
248.431336,-27.350901
249.417526,-27.267404
250.403942,-27.183183
251.390593,-27.098253
252.377488,-27.012628
253.364188,-26.947047
254.351168,-26.880794
255.338439,-26.813884
256.326010,-26.746331
257.313887,-26.678153
258.301103,-26.631650
259.288664,-26.584545
260.276580,-26.536853
261.264859,-26.488590
262.253510,-26.439772
263.241006,-26.414293
264.228912,-26.388284
265.217236,-26.361763
266.205986,-26.334746
267.195167,-26.307250
268.182710,-26.304760
269.170723,-26.301820
270.159215,-26.298446
271.148190,-26.294657
272.137656,-26.290469
273.125002,-26.312963
274.112876,-26.335090
275.101284,-26.356867
276.090230,-26.378313
277.079720,-26.399446
278.066616,-26.448947
279.054091,-26.498167
280.042149,-26.547128
281.030794,-26.595847
282.020028,-26.644343
283.006764,-26.722963
283.994081,-26.801399
284.981984,-26.879670
285.970472,-26.957793
286.959547,-27.035789
287.946846,-27.143627
288.934635,-27.251371
289.922913,-27.359037
290.911680,-27.466643
291.900935,-27.574206
292.888698,-27.706685
293.876838,-27.839142
294.865353,-27.971593
295.854241,-28.104054
296.843499,-28.236540
297.831503,-28.388397
298.819767,-28.540292
299.808285,-28.692239
300.797057,-28.844252
301.786077,-28.996346
302.774085,-29.162242
303.762231,-29.328226
304.750511,-29.494310
305.738924,-29.660509
306.727464,-29.826834
307.715238,-30.001381
308.703031,-30.176058
309.690839,-30.350879
310.678660,-30.525857
311.666489,-30.701005
312.653809,-30.878786
313.641033,-31.056740
314.628157,-31.234881
315.615179,-31.413222
316.602097,-31.591776
317.588913,-31.767480
318.575565,-31.943411
319.562050,-32.119584
320.548366,-32.296011
321.534511,-32.472707
322.521048,-32.643521
323.507406,-32.814630
324.493585,-32.986047
325.479583,-33.157785
326.465398,-33.329859
327.451712,-33.495926
328.437840,-33.662354
329.423780,-33.829159
330.409531,-33.996353
331.395093,-34.163951
332.381231,-34.325592
333.367176,-34.487663
334.352928,-34.650178
335.338485,-34.813150
336.323847,-34.976595
337.309864,-35.134133
338.295684,-35.292169
339.281306,-35.450719
340.266730,-35.609794
341.251955,-35.769409
342.237917,-35.923170
343.223678,-36.077497
344.209239,-36.232406
345.194600,-36.387910
346.179761,-36.544023
347.165742,-36.694331
348.151522,-36.845276
349.137101,-36.996871
350.122479,-37.149129
351.107658,-37.302066
352.093742,-37.449250
353.079626,-37.597139
354.065311,-37.745748
355.050796,-37.895090
356.036084,-38.045178
357.022366,-38.189565
358.008450,-38.334727
358.994339,-38.480678
359.980032,-38.627430
360.965532,-38.774999
361.952114,-38.916919
362.938505,-39.059683
363.924704,-39.203305
364.910714,-39.347798
365.896536,-39.493177
366.883534,-39.632959
367.870346,-39.773654
368.856975,-39.915276
369.843421,-40.057840
370.829687,-40.201358
371.817223,-40.339332
372.804583,-40.478288
373.791767,-40.618241
374.778779,-40.759205
375.765621,-40.901193
376.753829,-41.037688
377.741871,-41.175236
378.729749,-41.313849
379.717466,-41.453543
380.705025,-41.594331
381.693724,-41.729634
382.682270,-41.866060
383.670666,-42.003623
384.658915,-42.142336
385.647020,-42.282215
386.634071,-42.415539
387.621013,-42.549963
388.607856,-42.685473
389.594611,-42.822056
390.581288,-42.959700
391.565677,-43.084306
392.550043,-43.209975
393.534402,-43.336695
394.518770,-43.464452
395.503162,-43.593234
396.484871,-43.700350
397.466683,-43.808504
398.448619,-43.917682
399.430698,-44.027870
400.412941,-44.139053
401.392194,-44.219968
402.371712,-44.301900
403.351520,-44.384830
404.331642,-44.468741
405.312102,-44.553617
406.289372,-44.599644
407.267103,-44.646655
408.245321,-44.694629
409.224055,-44.743546
410.203333,-44.793384
411.179351,-44.795782
412.156048,-44.799112
413.133457,-44.803347
414.111608,-44.808461
415.090530,-44.814425
416.067743,-44.764172
417.045805,-44.714733
418.024744,-44.666075
419.004589,-44.618169
419.985365,-44.570980
420.969121,-44.463073
421.953605,-44.355771
422.938832,-44.249047
423.924816,-44.142877
424.911572,-44.037235
425.900746,-43.885996
426.890402,-43.735233
427.880546,-43.584929
428.871182,-43.435064
429.862313,-43.285622
430.853939,-43.110661
431.845764,-42.936131
432.837787,-42.762018
433.830005,-42.588307
434.822418,-42.414985
435.811080,-42.236402
436.799899,-42.058186
437.788874,-41.880324
438.778002,-41.702801
439.767281,-41.525603
440.748732,-41.346129
441.730659,-41.166886
442.713062,-40.987858
443.695944,-40.809026
444.679302,-40.630374
445.652786,-40.430597
446.627108,-40.230885
447.602269,-40.031213
448.578269,-39.831554
449.555106,-39.631885
450.520240,-39.390823
451.486409,-39.149637
452.453611,-38.908298
453.421841,-38.666773
454.391093,-38.425032
455.346555,-38.130535
456.302905,-37.835812
457.260134,-37.540838
458.218236,-37.245587
459.177202,-36.950033
460.121740,-36.608931
461.066972,-36.267555
462.012888,-35.925884
462.959481,-35.583899
463.906739,-35.241578
464.839296,-34.863282
465.772359,-34.484694
466.705918,-34.105798
467.639964,-33.726576
468.574487,-33.347013
469.494413,-32.940783
470.414686,-32.534248
471.335298,-32.127396
472.256238,-31.720211
473.177496,-31.312680
474.085951,-30.885250
474.994614,-30.457506
475.903477,-30.029436
476.812531,-29.601026
477.721766,-29.172263
478.621059,-28.728597
479.520427,-28.284613
480.419861,-27.840298
481.319353,-27.395641
482.218893,-26.950630
483.112136,-26.495148
484.005367,-26.039315
484.898580,-25.583122
485.791764,-25.126556
486.684911,-24.669605
487.574176,-24.203920
488.463398,-23.737819
489.352568,-23.271291
490.241676,-22.804325
491.130714,-22.336910
492.015285,-21.860028
492.899781,-21.382663
493.784190,-20.904805
494.668503,-20.426444
495.552710,-19.947569
496.431661,-19.458348
497.310497,-18.968580
498.189208,-18.478257
499.067784,-17.987366
499.946212,-17.495897
500.818584,-16.993209
501.690799,-16.489913
502.562844,-15.985999
503.434706,-15.481457
504.306375,-14.976278
505.171181,-14.459007
506.035778,-13.941070
506.900155,-13.422456
507.764298,-12.903158
508.628193,-12.383165
509.483815,-11.850610
510.339162,-11.317344
511.194221,-10.783360
512.048978,-10.248650
512.903419,-9.713203
513.747141,-9.167046
514.590485,-8.620178
515.433440,-8.072589
516.275994,-7.524271
517.118135,-6.975214
517.951643,-6.420246
518.784676,-5.864560
519.617225,-5.308144
520.449281,-4.750988
521.280834,-4.193082
522.107095,-3.634596
522.932800,-3.075362
523.757943,-2.515367
524.582519,-1.954598
525.406520,-1.393042
526.228595,-0.836179
527.050053,-0.278511
527.870890,0.279975
528.691105,0.839296
529.510694,1.399467
530.331756,1.949742
531.152161,2.500905
531.971911,3.052974
532.791006,3.605968
533.609449,4.159903
534.432967,4.698583
535.256126,5.237779
536.078936,5.777491
536.901409,6.317716
537.723556,6.858453
538.555373,7.379122
539.386868,7.900325
540.218053,8.422059
541.048941,8.944324
541.879545,9.467118
542.724117,9.967076
543.568422,10.467564
544.412473,10.968581
545.256281,11.470125
546.099858,11.972193
546.957333,12.450170
547.814595,12.928670
548.671658,13.407688
549.528533,13.887224
550.385233,14.367274
551.255161,14.822161
552.124931,15.277559
552.994556,15.733465
553.864047,16.189874
554.733416,16.646785
555.615346,17.077462
556.497172,17.508634
557.378905,17.940300
558.260557,18.372453
559.142138,18.805091
560.035615,19.210424
560.929039,19.616235
561.822421,20.022521
562.715771,20.429276
563.609101,20.836496
564.513686,21.215348
565.418266,21.594657
566.322853,21.974420
567.227457,22.354628
568.132089,22.735279
569.048046,23.086792
569.964042,23.438728
570.880087,23.791079
571.796191,24.143839
572.712362,24.497003
573.639883,24.821589
574.567474,25.146544
575.495145,25.471861
576.422902,25.797534
577.350753,26.123554
578.288830,26.422900
579.227000,26.722560
580.165270,27.022526
581.103646,27.322793
582.042135,27.623351
582.989629,27.899225
583.937232,28.175359
584.884948,28.451744
585.832782,28.728375
586.780739,29.005243
587.736469,29.259420
588.692314,29.513803
589.648279,29.768385
590.604368,30.023158
591.560585,30.278115
592.523328,30.512380
593.486190,30.746800
594.449172,30.981366
595.412278,31.216072
596.375511,31.450909
597.343800,31.667016
598.312207,31.883231
599.280734,32.099544
600.249384,32.315948
601.218160,32.532435
602.187836,32.731216
603.157673,32.930089
604.127674,33.129044
605.097841,33.328075
606.068176,33.527172
607.037215,33.703429
608.006491,33.879794
608.976006,34.056256
609.945762,34.232805
610.915762,34.409434
611.885172,34.553746
612.854892,34.698187
613.824923,34.842745
614.795269,34.987409
615.765934,35.132168
616.738435,35.235188
617.711286,35.338324
618.684489,35.441563
619.658050,35.544895
620.631968,35.648305
621.613940,35.704462
622.596191,35.760608
623.578720,35.816733
624.561528,35.872825
625.544613,35.928876
626.535483,35.946853
627.526527,35.964706
628.517745,35.982429
629.509134,36.000011
630.500691,36.017445
631.497608,36.009695
632.494607,36.001751
633.491684,35.993604
634.488839,35.985248
635.486070,35.976675
636.484397,35.954945
637.482767,35.932978
638.481178,35.910766
639.479628,35.888301
640.478116,35.865577
641.476227,35.834322
642.474364,35.802791
643.472525,35.770978
644.470710,35.738875
645.468917,35.706474
646.466840,35.666939
647.464774,35.627091
648.462717,35.586924
649.460669,35.546430
650.458628,35.505601
651.456406,35.459023
652.454181,35.412096
653.451952,35.364812
654.449719,35.317165
655.447478,35.269147
656.445163,35.216765
657.442834,35.163997
658.440489,35.110837
659.438128,35.057277
660.435749,35.003309
661.433407,34.946365
662.431042,34.888998
663.428652,34.831203
664.426236,34.772971
665.423794,34.714296
666.421507,34.654031
667.419188,34.593308
668.416839,34.532120
669.414458,34.470459
670.412045,34.408319
671.409910,34.345976
672.407742,34.283140
673.405539,34.219802
674.403302,34.155955
675.401031,34.091592
676.399169,34.028415
677.397273,33.964708
678.395345,33.900463
679.393383,33.835673
680.391390,33.770331
681.389943,33.707563
682.388468,33.644228
683.386964,33.580319
684.385434,33.515829
685.383877,33.450751
686.383016,33.389635
687.382134,33.327916
688.381234,33.265587
689.380318,33.202641
690.379388,33.139070
691.379311,33.080919
692.379235,33.022275
693.379163,32.963146
694.379097,32.903540
695.379040,32.843465
696.380002,32.790337
697.380984,32.736757
698.381988,32.682731
699.383017,32.628268
700.384074,32.573375
701.385907,32.526902
702.387774,32.480014
703.389675,32.432721
704.391614,32.385029
705.393594,32.336946
706.395445,32.297366
707.397322,32.257408
708.399227,32.217081
709.401162,32.176392
710.403127,32.135349
711.404537,32.099852
712.405957,32.064015
713.407389,32.027847
714.408832,31.991354
715.410287,31.954545
716.410832,31.919935
717.411365,31.885025
718.411886,31.849821
719.412396,31.814332
720.412894,31.778565
721.412115,31.741656
722.411297,31.704487
723.410440,31.667066
724.409543,31.629400
725.408606,31.591497
726.406014,31.549117
727.403352,31.506521
728.400620,31.463714
729.397818,31.420706
730.394943,31.377504
731.390017,31.326500
732.384988,31.275323
733.379854,31.223984
734.374616,31.172488
735.369272,31.120846
736.361033,31.058075
737.352646,30.995185
738.344110,30.932185
739.335426,30.869083
740.326592,30.805887
741.313356,30.727270
742.299915,30.648599
743.286268,30.569883
744.272417,30.491131
745.258360,30.412353
746.238297,30.312599
747.217972,30.212870
748.197386,30.113174
749.176541,30.013523
750.155437,29.913925
751.126728,29.787752
752.097704,29.661697
753.068370,29.535769
754.038728,29.409979
755.008781,29.284338
755.969659,29.126565
756.930181,28.969018
757.890351,28.811707
758.850177,28.654646
759.809665,28.497844
760.758469,28.303391
761.706888,28.109289
762.654931,27.915550
763.602610,27.722185
764.549935,27.529206
765.485793,27.292935
766.421266,27.057139
767.356368,26.821829
768.291114,26.587017
769.225520,26.352714
770.149388,26.070107
771.072918,25.788042
771.996127,25.506530
772.919031,25.225580
773.841648,24.945202
774.752004,24.616610
775.662084,24.288608
776.571905,23.961205
777.481484,23.634411
778.390842,23.308231
779.285418,22.935258
780.179782,22.562918
781.073956,22.191220
781.967959,21.820170
782.861810,21.449775
783.738354,21.034013
784.614761,20.618924
785.491050,20.204514
786.367243,19.790788
787.243360,19.377750
788.099648,18.920783
788.955875,18.464523
789.812064,18.008974
790.668236,17.554138
791.524414,17.100020
792.358243,16.603417
793.192095,16.107550
794.025993,15.612420
794.859960,15.118028
795.694018,14.624375
796.503215,14.089690
797.312524,13.555762
798.121969,13.022592
798.931573,12.490178
799.741360,11.958517
800.523784,11.387282
801.306413,10.816821
802.089274,10.247128
802.872390,9.678201
803.655787,9.110035
804.409329,8.503757
805.163178,7.898259
805.917358,7.293534
806.671896,6.689575
807.426818,6.086375
808.149408,5.446526
808.872411,4.807453
809.595852,4.169148
810.319759,3.531600
811.044157,2.894799
811.733766,2.222806
812.423900,1.551575
813.114583,0.881095
813.805845,0.211352
814.497710,-0.457668
815.152350,-1.160431
815.807631,-1.862458
816.463578,-2.563765
817.120219,-3.264369
817.777582,-3.964287
818.395319,-4.696531
819.013816,-5.428079
819.633100,-6.158953
820.253198,-6.889174
820.874137,-7.618762
821.453272,-8.379978
822.032818,-9.140891
822.612785,-9.901516
823.193181,-10.661866
823.774017,-11.421955
824.311617,-12.212700
824.849636,-13.003180
825.388083,-13.793407
825.926967,-14.583395
826.466293,-15.373158
826.961647,-16.191200
827.457427,-17.009011
827.953638,-17.826605
828.450289,-18.643996
828.947385,-19.461196
829.399802,-20.304198
829.852648,-21.147003
830.305930,-21.989624
830.759652,-22.832075
831.213821,-23.674370
831.622607,-24.539975
832.031825,-25.405415
832.441481,-26.270704
832.851578,-27.135856
833.262123,-28.000883
833.626585,-28.886718
833.991481,-29.772419
834.356817,-30.658001
834.722595,-31.543475
835.088821,-32.428857
835.408270,-33.332535
835.728157,-34.236110
836.048483,-35.139594
836.369254,-36.043002
836.690470,-36.946346
836.964226,-37.865469
837.238421,-38.784518
837.513058,-39.703505
837.788138,-40.622445
838.063664,-41.541350
838.291054,-42.473514
838.518885,-43.405632
838.747159,-44.337717
838.975876,-45.269783
839.205039,-46.201843
839.385401,-47.144639
839.566205,-48.087418
839.747453,-49.030191
839.929145,-49.972974
840.111282,-50.915779
840.243963,-51.866799
840.377088,-52.817829
840.510657,-53.768883
840.644671,-54.719974
840.779130,-55.671115
840.863487,-56.627955
840.948290,-57.584833
841.033538,-58.541764
841.119231,-59.498759
841.205368,-60.455834
841.240767,-61.416097
841.276614,-62.376427
841.312907,-63.336837
841.349644,-64.297342
841.386824,-65.257954
841.372635,-66.219399
841.358891,-67.180939
841.345590,-68.142589
841.332731,-69.104361
841.320310,-70.066271
841.256003,-71.027511
841.192118,-71.988871
841.128653,-72.950365
841.065605,-73.912006
841.002970,-74.873807
840.889316,-75.832678
840.776055,-76.791692
840.663182,-77.750859
840.550694,-78.710192
840.438588,-79.669702
840.276996,-80.623506
840.115768,-81.577470
839.954900,-82.531606
839.794387,-83.485924
839.634227,-84.440434
839.426136,-85.386448
839.218383,-86.332638
839.010964,-87.279015
838.803874,-88.225589
838.597109,-89.172368
838.343988,-90.107858
838.091180,-91.043538
837.838684,-91.979419
837.586492,-92.915510
837.334601,-93.851818
837.037945,-94.774041
836.741583,-95.696468
836.445510,-96.619109
836.149720,-97.541971
835.854210,-98.465064
835.515314,-99.371860
835.176683,-100.278868
834.838312,-101.186095
834.500197,-102.093550
834.162331,-103.001239
833.782257,-103.892978
833.402386,-104.784910
833.022714,-105.677041
832.643237,-106.569377
832.263951,-107.461922
831.846599,-108.340463
831.429389,-109.219170
831.012321,-110.098045
830.595390,-110.977093
830.178594,-111.856317
829.728735,-112.723695
829.278972,-113.591210
828.829304,-114.458862
828.379729,-115.326654
827.930243,-116.194587
827.452754,-117.052806
826.975326,-117.911132
826.497957,-118.769565
826.020647,-119.628106
825.543394,-120.486756
825.043238,-121.337818
824.543120,-122.188958
824.043037,-123.040177
823.542989,-123.891476
823.042975,-124.742855
822.525228,-125.588796
822.007564,-126.434831
821.489982,-127.280959
820.972481,-128.127180
820.455060,-128.973496
819.925534,-129.815844
819.396083,-130.658269
818.866704,-131.500770
818.337396,-132.343347
817.808158,-133.185999
817.271732,-134.024920
816.735373,-134.863911
816.199081,-135.702970
815.662854,-136.542099
815.126692,-137.381296
814.584745,-138.217344
814.042861,-139.053455
813.501039,-139.889629
812.959277,-140.725867
812.417574,-141.562166
811.871014,-142.395967
811.324512,-143.229824
810.778067,-144.063739
810.231678,-144.897710
809.685344,-145.731737
809.135083,-146.563912
808.584876,-147.396139
808.034722,-148.228416
807.484621,-149.060743
806.934571,-149.893119
806.381524,-150.724293
805.828528,-151.555511
805.275582,-152.386773
804.722685,-153.218078
804.169837,-154.049426
803.614925,-154.880219
803.060061,-155.711049
802.505245,-156.541917
801.950476,-157.372821
801.395753,-158.203761
800.839898,-159.034794
800.284091,-159.865857
799.728328,-160.696951
799.172611,-161.528074
798.616937,-162.359227
798.061068,-163.191120
797.505244,-164.023037
796.949463,-164.854977
796.393726,-165.686940
795.838030,-166.518924
795.283076,-167.352298
794.728166,-168.185689
794.173298,-169.019096
793.618471,-169.852518
793.063685,-170.685954
792.510579,-171.521428
791.957514,-172.356912
791.404491,-173.192405
790.851509,-174.027906
790.298567,-174.863415
789.748242,-175.701609
789.197959,-176.539805
788.647717,-177.378004
788.097514,-178.216203
787.547351,-179.054403
787.000745,-179.895937
786.454179,-180.737466
785.907654,-181.578991
785.361168,-182.420509
784.814721,-183.262020
784.272701,-184.107619
783.730724,-184.953206
783.188787,-185.798780
782.646889,-186.644341
782.105030,-187.489886
781.568533,-188.340632
781.032081,-189.191355
780.495674,-190.042054
779.959312,-190.892730
779.422992,-191.743380
778.894170,-192.600245
778.365401,-193.457076
777.836683,-194.313874
777.308014,-195.170636
776.779395,-196.027363
776.260721,-196.891273
775.742107,-197.755140
775.223550,-198.618963
774.705050,-199.482739
774.186605,-200.346469
773.680556,-201.218355
773.174573,-202.090188
772.668654,-202.961965
772.162799,-203.833686
771.657006,-204.705350
771.166064,-205.586141
770.675195,-206.466868
770.184397,-207.347530
769.693671,-208.228126
769.203013,-209.108654
768.729666,-209.999275
768.256399,-210.889823
767.783212,-211.780295
767.310102,-212.670690
766.837069,-213.561008
766.384241,-214.461511
765.931488,-215.361936
765.478809,-216.262280
765.026201,-217.162542
764.573664,-218.062722
764.142630,-218.971307
763.711640,-219.879820
763.280693,-220.788261
762.849786,-221.696628
762.418918,-222.604920
762.005541,-223.519609
761.592179,-224.434238
761.178829,-225.348807
760.765491,-226.263315
760.352163,-227.177761
759.951614,-228.096607
759.551056,-229.015408
759.150487,-229.934164
758.749906,-230.852874
758.349311,-231.771537
757.956799,-232.692613
757.564259,-233.613661
757.171688,-234.534679
756.779087,-235.455669
756.386454,-236.376628
755.997222,-237.298018
755.607948,-238.219398
755.218629,-239.140766
754.829264,-240.062122
754.439854,-240.983466
754.049166,-241.903287
753.658424,-242.823116
753.267628,-243.742951
752.876776,-244.662791
752.485867,-245.582636
752.088673,-246.499959
751.691418,-247.417294
751.294103,-248.334641
750.896725,-249.251999
750.499285,-250.169366
750.093221,-251.084211
749.687093,-251.999058
749.280899,-252.913906
748.874640,-253.828755
748.468315,-254.743605
748.055098,-255.655814
747.641814,-256.568014
747.228462,-257.480207
746.815040,-258.392389
746.401549,-259.304562
745.983168,-260.213972
745.564717,-261.123364
745.146195,-262.032737
744.727601,-262.942092
744.308934,-263.851427
743.887380,-264.757881
743.465753,-265.664308
743.044052,-266.570708
742.622276,-267.477080
742.200424,-268.383424
741.777687,-269.286774
741.354874,-270.190089
740.931985,-271.093369
740.509018,-271.996612
740.085973,-272.899819
739.664038,-273.799935
739.242025,-274.700009
738.819933,-275.600040
738.397761,-276.500027
737.975508,-277.399970
737.556192,-278.297175
737.136796,-279.194329
736.717321,-280.091431
736.297764,-280.988482
735.878124,-281.885482
735.461828,-282.784437
735.045453,-283.683333
734.628996,-284.582170
734.212457,-285.480948
733.795835,-286.379668
733.381928,-287.288247
732.967940,-288.196762
732.553870,-289.105213
732.139716,-290.013599
731.725478,-290.921922
731.313956,-291.845485
730.901486,-292.768615
730.488084,-293.691320
730.073765,-294.613610
729.658547,-295.535492
729.242948,-296.461927
728.826572,-297.388003
728.409444,-298.313710
727.991590,-299.239036
727.573034,-300.163973
727.124606,-301.052742
726.675989,-301.941181
726.227213,-302.829284
725.778309,-303.717049
725.329306,-304.604476
724.814717,-305.409406
724.301003,-306.214135
723.788176,-307.018740
723.276234,-307.823296
722.765170,-308.627880
722.148822,-309.320247
721.533780,-310.012540
720.920034,-310.704867
720.307558,-311.397338
719.696314,-312.090059
718.976259,-312.669119
718.257420,-313.248125
717.539787,-313.827165
716.823340,-314.406324
716.108052,-314.985685
715.300939,-315.459524
714.494914,-315.933323
713.689972,-316.407147
712.886102,-316.881062
712.083285,-317.355133
711.206547,-317.731416
710.330773,-318.107677
709.455962,-318.483968
708.582106,-318.860342
707.709195,-319.236849
706.780849,-319.523274
705.853358,-319.809712
704.926720,-320.096206
704.000930,-320.382798
703.075980,-320.669530
702.114392,-320.874044
701.153561,-321.078622
700.193486,-321.283300
699.234160,-321.488114
698.275577,-321.693101
697.299259,-321.823930
696.323612,-321.954887
695.348630,-322.086004
694.374309,-322.217311
693.400640,-322.348840
692.424213,-322.414854
691.448362,-322.481056
690.473080,-322.547473
689.498360,-322.614134
688.524194,-322.681065
687.548722,-322.692594
686.573710,-322.704355
685.599152,-322.716372
684.625041,-322.728669
683.651368,-322.741271
682.674812,-322.708903
681.698592,-322.676802
680.722701,-322.644990
679.747133,-322.613489
678.771881,-322.582320
677.792292,-322.516632
676.812914,-322.451249
675.833741,-322.386190
674.854767,-322.321474
673.875987,-322.257120
672.891510,-322.168753
671.907126,-322.080737
670.922829,-321.993091
669.938616,-321.905834
668.954483,-321.818983
667.963371,-321.718696
666.972246,-321.618827
665.981106,-321.519393
664.989948,-321.420412
663.998771,-321.321904
663.002275,-321.220834
662.005717,-321.120269
661.009094,-321.020227
660.012408,-320.920727
659.015657,-320.821787
658.019711,-320.726480
657.023732,-320.631773
656.027715,-320.537681
655.031660,-320.444225
654.035563,-320.351422
653.042690,-320.257193
652.049801,-320.163665
651.056890,-320.070856
650.063951,-319.978785
649.070979,-319.887468
648.083004,-319.788222
647.095003,-319.689790
646.106966,-319.592189
645.118885,-319.495437
644.130748,-319.399551
643.149339,-319.289271
642.167862,-319.179927
641.186301,-319.071535
640.204641,-318.964111
639.222866,-318.857672
638.249484,-318.730411
637.275949,-318.604212
636.302241,-318.479092
635.328337,-318.355064
634.354215,-318.232143
633.389981,-318.081987
632.425465,-317.933021
631.460638,-317.785258
630.495469,-317.638708
629.529928,-317.493385
628.573411,-317.313543
627.616679,-317.133970
626.659725,-316.954660
625.702543,-316.775609
624.745127,-316.596815
623.794863,-316.379711
622.844380,-316.162841
621.893673,-315.946200
620.942735,-315.729784
619.991563,-315.513589
619.047708,-315.261292
618.103636,-315.009193
617.159343,-314.757289
616.214823,-314.505576
615.270072,-314.254051
614.332965,-313.969006
613.395645,-313.684128
612.458109,-313.399415
611.520353,-313.114864
610.582375,-312.830471
609.652377,-312.515153
608.722174,-312.199978
607.791762,-311.884940
606.861140,-311.570038
605.930305,-311.255268
605.007794,-310.912183
604.085087,-310.569217
603.162182,-310.226366
602.239077,-309.883627
601.315769,-309.540999
600.401272,-309.172737
599.486588,-308.804574
598.571714,-308.436508
597.656649,-308.068536
596.741392,-307.700656
595.835759,-307.309685
594.929939,-306.918799
594.023933,-306.527996
593.117738,-306.137275
592.211354,-305.746631
591.314822,-305.334020
590.418105,-304.921482
589.521202,-304.509015
588.624113,-304.096616
587.726835,-303.684284
586.839478,-303.250749
585.951937,-302.817276
585.064213,-302.383863
584.176304,-301.950506
583.288209,-301.517205
582.410103,-301.063468
581.531817,-300.609781
580.653350,-300.156144
579.774701,-299.702552
578.895870,-299.249005
578.027098,-298.775792
577.158149,-298.302620
576.289023,-297.829486
575.419717,-297.356388
574.550233,-296.883324
573.690881,-296.391365
572.831354,-295.899437
571.971654,-295.407538
571.111779,-294.915665
570.251729,-294.423817
569.401884,-293.913848
568.551870,-293.403901
567.701685,-292.893973
566.851330,-292.384063
566.000805,-291.874169
565.160557,-291.346929
564.320144,-290.819702
563.479566,-290.292487
562.638822,-289.765281
561.797913,-289.238083
560.967355,-288.694315
560.136636,-288.150553
559.305757,-287.606794
558.474718,-287.063038
557.643517,-286.519281
556.822742,-285.959733
556.001811,-285.400183
555.180725,-284.840629
554.359483,-284.281071
553.538085,-283.721505
552.727187,-283.146928
551.916138,-282.572342
551.104939,-281.997746
550.293589,-281.423138
549.482090,-280.848518
548.681162,-280.259664
547.880090,-279.670797
547.078872,-279.081913
546.277511,-278.493012
545.476004,-277.904092
544.685220,-277.301783
543.894294,-276.699453
543.103227,-276.097101
542.312019,-275.494725
541.520671,-274.892324
540.743016,-274.279330
539.965142,-273.666280
539.187047,-273.053173
538.408733,-272.440004
537.630200,-271.826772
536.876547,-271.198581
536.122460,-270.570290
535.367939,-269.941889
534.612984,-269.313368
533.857594,-268.684717
533.144953,-268.024432
532.431623,-267.364013
531.717599,-266.703436
531.002880,-266.042678
530.287466,-265.381715
529.632583,-264.671240
528.976756,-263.960571
528.319980,-263.249665
527.662252,-262.538476
527.003571,-261.826961
526.422824,-261.049152
525.840988,-260.271025
525.258060,-259.492517
524.674043,-258.713567
524.088942,-257.934117
523.603544,-257.090186
523.116948,-256.245758
522.629159,-255.400751
522.140187,-254.555087
521.650051,-253.708690
521.282871,-252.807411
520.914410,-251.905397
520.544690,-251.002544
520.173738,-250.098755
519.801592,-249.193934
519.574846,-248.243389
519.346740,-247.291858
519.117319,-246.339215
518.886637,-245.385341
518.654762,-244.430125
518.585429,-243.456093
518.514902,-242.480705
518.443259,-241.503831
518.370590,-240.525354
518.296995,-239.545171
518.398555,-238.586147
518.499139,-237.625333
518.598873,-236.662591
518.697900,-235.697805
518.796372,-234.730879
519.083133,-233.822594
519.369425,-232.912226
519.655418,-231.999669
519.941292,-231.084846
520.227231,-230.167707
520.705973,-229.333239
521.185000,-228.497220
521.664411,-227.659642
522.144304,-226.820507
522.624776,-225.979826
523.253107,-225.213838
523.881913,-224.446992
524.511229,-223.679301
525.141088,-222.910780
525.771523,-222.141448
526.491520,-221.430415
527.211850,-220.718982
527.932524,-220.007156
528.653552,-219.294948
529.374945,-218.582366
530.132247,-217.912852
530.889840,-217.243067
531.647731,-216.573018
532.405926,-215.902714
533.164432,-215.232162
533.943295,-214.599876
534.722488,-213.967353
535.502018,-213.334600
536.281890,-212.701626
537.062109,-212.068439
537.863391,-211.473569
538.665038,-210.878499
539.467055,-210.283239
540.269446,-209.687799
541.072217,-209.092188
541.896806,-208.534975
542.721788,-207.977607
543.547168,-207.420095
544.372949,-206.862448
545.199134,-206.304677
546.047875,-205.785399
546.897031,-205.266016
547.746604,-204.746538
548.596597,-204.226976
549.447012,-203.707340
550.320701,-203.226303
551.194819,-202.745213
552.069366,-202.264081
552.944343,-201.782918
553.819751,-201.301737
554.719243,-200.859215
555.619178,-200.416692
556.519555,-199.974183
557.420374,-199.531697
558.321633,-199.089247
559.247495,-198.686827
560.173845,-198.284461
561.100682,-197.882163
562.028001,-197.479946
562.955801,-197.077824
563.905627,-196.722973
564.855993,-196.368245
565.806895,-196.013657
566.758326,-195.659224
567.710279,-195.304961
568.680819,-195.006704
569.651942,-194.708661
570.623638,-194.410849
571.595897,-194.113285
572.568706,-193.815989
573.553847,-193.583634
574.539475,-193.351552
575.525579,-193.119757
576.512149,-192.888262
577.499174,-192.657083
578.490305,-192.484372
579.481687,-192.311898
580.473314,-192.139664
581.465181,-191.967668
582.457282,-191.795913
583.448137,-191.656226
584.439043,-191.516758
585.429997,-191.377505
586.421000,-191.238467
587.412051,-191.099642
588.398783,-190.965225
589.385451,-190.831044
590.372055,-190.697095
591.358599,-190.563379
592.345084,-190.429892
593.328191,-190.280963
594.311232,-190.132266
595.294210,-189.983799
596.277127,-189.835561
597.259985,-189.687550
598.239651,-189.522100
599.219263,-189.356873
600.198824,-189.191867
601.178334,-189.027081
602.157797,-188.862514
603.134043,-188.680860
604.110247,-188.499420
605.086408,-188.318192
606.062530,-188.137175
607.038614,-187.956367
608.011455,-187.758826
608.984263,-187.561489
609.957039,-187.364355
610.929784,-187.167422
611.902500,-186.970688
612.871946,-186.757573
613.841367,-186.544654
614.810764,-186.331927
615.780139,-186.119391
616.749493,-185.907045
617.715547,-185.678670
618.681585,-185.450481
619.647606,-185.222474
620.613612,-184.994649
621.579605,-184.767002
622.542268,-184.523680
623.504919,-184.280532
624.467562,-184.037557
625.430197,-183.794753
626.392824,-183.552119
627.352088,-183.294160
628.311349,-183.036365
629.270605,-182.778734
630.229859,-182.521263
631.189112,-182.263951
632.144967,-181.991667
633.100823,-181.719538
634.056681,-181.447561
635.012541,-181.175734
635.968404,-180.904057
636.920836,-180.617759
637.873272,-180.331605
638.825714,-180.045594
639.778163,-179.759722
640.730618,-179.473990
641.679606,-179.173989
642.628602,-178.874122
643.577607,-178.574387
644.526621,-178.274782
645.475646,-177.975305
646.421165,-177.661914
647.366695,-177.348645
648.312237,-177.035499
649.257790,-176.722472
650.203357,-176.409564
651.145143,-176.083173
652.086942,-175.756898
653.028753,-175.430737
653.970578,-175.104687
654.912416,-174.778746
655.849076,-174.439426
656.785747,-174.100221
657.722430,-173.761128
658.659126,-173.422146
659.595835,-173.083272
660.524982,-172.728615
661.454141,-172.374075
662.383313,-172.019650
663.312498,-171.665338
664.241698,-171.311137
665.160773,-170.938124
666.079863,-170.565234
666.998969,-170.192463
667.918091,-169.819810
668.837231,-169.447272
669.743689,-169.052903
670.650167,-168.658663
671.556665,-168.264549
672.463185,-167.870560
673.369729,-167.476693
674.261044,-167.057982
675.152386,-166.639409
676.043757,-166.220972
676.935157,-165.802668
677.826589,-165.384494
678.700250,-164.938475
679.573948,-164.492605
680.447685,-164.046882
681.321462,-163.601303
682.195281,-163.155865
683.046821,-162.680673
683.898423,-162.205681
684.750092,-161.730887
685.601834,-161.256286
686.453651,-160.781873
687.272206,-160.273176
688.090922,-159.764861
688.909813,-159.256920
689.728892,-158.749341
690.548173,-158.242115
691.318052,-157.684823
692.088279,-157.128179
692.858889,-156.572159
693.629914,-156.016737
694.401385,-155.461885
695.107920,-154.838981
695.815077,-154.216988
696.522918,-153.595858
697.231498,-152.975536
697.940869,-152.355963
698.576114,-151.645365
699.212052,-150.935561
699.848733,-150.226496
700.486203,-149.518115
701.124504,-148.810360
701.685094,-148.013637
702.246245,-147.217432
702.807986,-146.421710
703.370339,-145.626431
703.933327,-144.831557
704.418114,-143.972960
704.903803,-143.114939
705.390412,-142.257440
705.877958,-141.400411
706.366453,-140.543798
706.775869,-139.650934
707.186174,-138.758451
707.597376,-137.866300
708.009482,-136.974434
708.422495,-136.082804
708.753747,-135.173298
709.085944,-134.264035
709.419088,-133.354961
709.753181,-132.446026
710.088222,-131.537177
710.337214,-130.614875
710.587197,-129.692670
710.838166,-128.770505
711.090119,-127.848324
711.343047,-126.926072
711.505535,-125.993768
711.669034,-125.061407
711.833537,-124.128931
711.999031,-123.196278
712.165503,-122.263393
712.237113,-121.323687
712.309726,-120.383770
712.383326,-119.443580
712.457893,-118.503056
712.533403,-117.562142
712.509548,-116.617475
712.486647,-115.672449
712.464676,-114.727005
712.443607,-113.781084
712.423410,-112.834629
712.299198,-111.887347
712.175848,-110.939580
712.053328,-109.991275
711.931603,-109.042377
711.810635,-108.092837
711.581238,-107.146602
711.352580,-106.199791
711.124624,-105.252354
710.897330,-104.304246
710.670655,-103.355426
710.336468,-102.429587
710.002948,-101.503075
709.670051,-100.575843
709.337729,-99.647847
709.005934,-98.719050
708.571671,-97.843395
708.138076,-96.966925
707.705091,-96.089587
707.272656,-95.211334
706.840705,-94.332124
706.310747,-93.534437
705.781448,-92.735784
705.252730,-91.936105
704.724515,-91.135349
704.196719,-90.333474
703.572081,-89.628946
702.947818,-88.923575
702.323867,-88.217331
701.700163,-87.510189
701.076639,-86.802130
700.364861,-86.183285
699.653182,-85.563880
698.941567,-84.943909
698.229976,-84.323371
697.518374,-83.702265
696.730683,-83.157811
695.942940,-82.613077
695.155126,-82.068071
694.367224,-81.522802
693.579218,-80.977280
692.730925,-80.499704
691.882553,-80.021983
691.034091,-79.544128
690.185530,-79.066150
689.336860,-78.588062
688.442427,-78.182528
687.547945,-77.776909
686.653405,-77.371216
685.758802,-76.965461
684.864129,-76.559654
683.936862,-76.236451
683.009539,-75.913437
682.082172,-75.590607
681.154776,-75.267956
680.227360,-74.945480
679.277314,-74.714608
678.327343,-74.483958
677.377461,-74.253521
676.427680,-74.023289
675.478010,-73.793250
674.508511,-73.650991
673.539103,-73.509155
672.569802,-73.367734
671.600623,-73.226719
670.631582,-73.086101
669.645848,-73.004314
668.660164,-72.923066
667.674538,-72.842348
666.688979,-72.762152
665.703497,-72.682471
664.706584,-72.629195
663.709635,-72.576453
662.712649,-72.524237
661.715628,-72.472540
660.718571,-72.421353
659.719947,-72.370156
658.721265,-72.319451
657.722521,-72.269231
656.723717,-72.219487
655.724850,-72.170211
654.726558,-72.116702
653.728208,-72.063647
652.729801,-72.011037
651.731337,-71.958866
650.732813,-71.907125
649.734729,-71.852106
648.736592,-71.797502
647.738404,-71.743307
646.740164,-71.689512
645.741872,-71.636109
644.743887,-71.580382
643.745859,-71.525033
642.747787,-71.470054
641.749672,-71.415437
640.751514,-71.361175
639.753535,-71.305544
638.755523,-71.250252
637.757477,-71.195294
636.759399,-71.140659
635.761290,-71.086342
634.763235,-71.031610
633.765158,-70.977180
632.767062,-70.923045
631.768945,-70.869196
630.770809,-70.815627
629.772606,-70.762597
628.774395,-70.709831
627.776178,-70.657323
626.777954,-70.605062
625.779725,-70.553044
624.781379,-70.502522
623.783040,-70.452226
622.784708,-70.402150
621.786386,-70.352283
620.788073,-70.302620
619.789745,-70.255419
618.791439,-70.208406
617.793156,-70.161574
616.794898,-70.114913
615.796665,-70.068418
614.798539,-70.025349
613.800452,-69.982430
612.802403,-69.939652
611.804395,-69.897008
610.806428,-69.854491
609.808692,-69.816363
608.811010,-69.778346
607.813384,-69.740432
606.815814,-69.702612
605.818301,-69.664879
604.821144,-69.632499
603.824057,-69.600190
602.827041,-69.567943
601.830097,-69.535752
600.833226,-69.503607
599.836836,-69.477777
598.840532,-69.451977
597.844314,-69.426200
596.848182,-69.400437
595.852138,-69.374681
594.856700,-69.356199
593.861363,-69.337705
592.866126,-69.319194
591.870990,-69.300655
590.875954,-69.282082
589.881649,-69.271740
588.887458,-69.261346
587.893379,-69.250891
586.899414,-69.240367
585.905562,-69.229767
584.912563,-69.228353
583.919689,-69.226844
582.926940,-69.225231
581.934314,-69.223508
580.941812,-69.221664
579.950284,-69.229960
578.958889,-69.238118
577.967628,-69.246128
576.976500,-69.253984
575.985503,-69.261676
574.995596,-69.280458
574.005831,-69.299056
573.016205,-69.317464
572.026718,-69.335671
571.037369,-69.353671
570.049221,-69.383709
569.061220,-69.413518
568.073362,-69.443090
567.085646,-69.472418
566.098069,-69.501491
565.111521,-69.543555
564.125115,-69.585345
563.138850,-69.626854
562.152724,-69.668073
561.166732,-69.708994
560.180746,-69.763548
559.194883,-69.817789
558.209143,-69.871711
557.223521,-69.925306
556.238015,-69.978564
555.252222,-70.044794
554.266531,-70.110676
553.280938,-70.176203
552.295441,-70.241366
551.310037,-70.306157
550.324300,-70.382944
549.338641,-70.459348
548.353058,-70.535361
547.367548,-70.610976
546.382106,-70.686183
545.396289,-70.772411
544.410528,-70.858221
543.424819,-70.943605
542.439159,-71.028554
541.453545,-71.113063
540.467516,-71.207616
539.481520,-71.301716
538.495554,-71.395355
537.509614,-71.488527
536.523697,-71.581222
535.537329,-71.682985
534.550972,-71.784261
533.564623,-71.885042
532.578279,-71.985319
531.591936,-72.085087
530.605108,-72.192946
529.618271,-72.300283
528.631420,-72.407090
527.644554,-72.513360
526.657668,-72.619085
525.670268,-72.731923
524.682839,-72.844205
523.695377,-72.955923
522.707879,-73.067068
521.720343,-73.177635
520.732268,-73.294335
519.744146,-73.410444
518.755974,-73.525954
517.767748,-73.640857
516.779466,-73.755145
515.790624,-73.874588
514.801718,-73.993404
513.812746,-74.111585
512.823705,-74.229124
511.834592,-74.346014
510.844905,-74.467075
509.855140,-74.587473
508.865295,-74.707201
507.875367,-74.826251
506.885354,-74.944616
505.894729,-75.065962
504.903964,-75.186208
503.913060,-75.305366
502.922015,-75.423451
501.930829,-75.540472
500.939030,-75.659373
499.947094,-75.777236
498.955019,-75.894075
497.962808,-76.009903
496.970460,-76.124731
495.978195,-76.240481
494.985795,-76.355258
493.993261,-76.469072
493.000593,-76.581936
492.007793,-76.693864
491.015961,-76.806438
490.023993,-76.918101
489.031889,-77.028864
488.039649,-77.138739
487.047275,-77.247740
486.055997,-77.358094
485.064580,-77.467598
484.073021,-77.576265
483.081322,-77.684107
482.089482,-77.791137
481.098816,-77.900287
480.108001,-78.008651
479.117039,-78.116240
478.125930,-78.223066
477.134672,-78.329144
476.144657,-78.438110
475.154485,-78.546351
474.164157,-78.653881
473.173672,-78.760713
472.183031,-78.866858
471.193696,-78.976660
470.204195,-79.085801
469.214527,-79.194294
468.224692,-79.302151
467.234690,-79.409385
466.246056,-79.521045
465.257244,-79.632108
464.268254,-79.742586
463.279086,-79.852492
462.289739,-79.961839
461.301819,-80.076381
460.313708,-80.190390
459.325408,-80.303878
458.336917,-80.416858
457.348235,-80.529343
456.361035,-80.647794
455.373633,-80.765775
454.386029,-80.883301
453.398221,-81.000383
452.410212,-81.117035
451.423737,-81.240422
450.437048,-81.363406
449.450144,-81.485998
448.463026,-81.608212
447.475694,-81.730061
446.489949,-81.859417
445.503977,-81.988434
444.517780,-82.117125
443.531357,-82.245503
442.544709,-82.373581
441.559699,-82.509940
440.574452,-82.646025
439.588968,-82.781850
438.603249,-82.917428
437.617295,-83.052772
436.633031,-83.197169
435.648520,-83.341359
434.663764,-83.485355
433.678765,-83.629170
432.693522,-83.772818
431.710012,-83.926295
430.726248,-84.079632
429.742233,-84.232842
428.757967,-84.385937
427.773453,-84.538930
426.790710,-84.702516
425.807710,-84.866028
424.824457,-85.029478
423.840952,-85.192881
422.857198,-85.356248
421.875546,-85.530785
420.893640,-85.705314
419.911481,-85.879849
418.929073,-86.054401
417.946419,-86.228986
416.966332,-86.415235
415.985994,-86.601543
415.005408,-86.787923
414.024578,-86.974388
413.043507,-87.160950
412.065470,-87.359674
411.087189,-87.558523
410.108668,-87.757510
409.129910,-87.956648
408.150921,-88.155950
407.175436,-88.367910
406.199717,-88.580061
405.223768,-88.792416
404.247595,-89.004988
403.271202,-89.217790
402.298785,-89.443747
401.326149,-89.669961
400.353297,-89.896445
399.380236,-90.123212
398.406971,-90.350273
397.437775,-90.591104
396.468426,-90.832244
395.498929,-91.073705
394.529291,-91.315500
393.559517,-91.557641
392.592538,-91.811858
391.625656,-92.066377
390.658874,-92.321210
389.692198,-92.576370
388.725630,-92.831868
387.758556,-93.087800
386.791852,-93.344013
385.825518,-93.600520
384.859555,-93.857335
383.893964,-94.114472
382.923961,-94.358052
381.954566,-94.601913
380.985776,-94.846072
380.017586,-95.090548
379.049995,-95.335359
378.073679,-95.553245
377.097916,-95.771512
376.122702,-95.990176
375.148033,-96.209255
374.173904,-96.428766
373.190207,-96.623891
372.206698,-96.819551
371.223380,-97.015761
370.240255,-97.212533
369.257324,-97.409878
368.270918,-97.604705
367.284381,-97.800217
366.297725,-97.996427
365.310961,-98.193345
364.324099,-98.390984
363.341700,-98.608894
362.359045,-98.827620
361.376153,-99.047176
360.393044,-99.267572
359.409737,-99.488822
358.438401,-99.743911
357.466950,-99.999852
356.495403,-100.256656
355.523779,-100.514335
354.552097,-100.772898
353.591577,-101.060945
352.631097,-101.349859
351.670671,-101.639652
350.710316,-101.930331
349.750048,-102.221905
348.798858,-102.536340
347.847837,-102.851658
346.896997,-103.167868
345.946351,-103.484979
344.995913,-103.803000
344.052409,-104.137279
343.109176,-104.472462
342.166225,-104.808559
341.223565,-105.145580
340.281206,-105.483534
339.343579,-105.831175
338.406299,-106.179754
337.469373,-106.529282
336.532806,-106.879768
335.596604,-107.231225
334.662847,-107.585847
333.729482,-107.941455
332.796512,-108.298063
331.863938,-108.655683
330.931763,-109.014327
329.998762,-109.370123
329.066165,-109.726969
328.133970,-110.084880
327.202179,-110.443869
326.270790,-110.803949
325.336238,-111.158437
324.401692,-111.512962
323.467151,-111.867525
322.532617,-112.222124
321.598088,-112.576761
320.661040,-112.927222
319.724002,-113.277719
318.786973,-113.628251
317.849952,-113.978818
316.912941,-114.329421
315.974452,-114.678066
315.035975,-115.026745
314.097512,-115.375458
313.159060,-115.724205
312.220622,-116.072986
311.281748,-116.422028
310.342891,-116.771104
309.404051,-117.120212
308.465229,-117.469354
307.526423,-117.818530
306.588225,-118.170186
305.650048,-118.521876
304.711894,-118.873598
303.773761,-119.225353
302.835651,-119.577142
301.899286,-119.933598
300.962946,-120.290088
300.026634,-120.646610
299.090349,-121.003164
298.154091,-121.359752
297.220791,-121.722724
296.287519,-122.085729
295.354276,-122.448766
294.421061,-122.811836
293.487876,-123.174938
292.557866,-123.544806
291.627887,-123.914707
290.697936,-124.284640
289.768016,-124.654605
288.838125,-125.024603
287.911370,-125.401432
286.984645,-125.778293
286.057950,-126.155186
285.131287,-126.532112
284.204654,-126.909070
283.281116,-127.292924
282.357609,-127.676810
281.434133,-128.060728
280.510689,-128.444678
279.587278,-128.828660
278.666919,-129.219604
277.746593,-129.610579
276.826300,-130.001587
275.906039,-130.392626
274.985811,-130.783697
274.068595,-131.181795
273.151412,-131.579924
272.234264,-131.978085
271.317148,-132.376277
270.400068,-132.774502
269.485957,-133.179817
268.571881,-133.585163
267.657840,-133.990541
266.743834,-134.395951
265.829863,-134.801393
264.918821,-135.213990
264.007814,-135.626618
263.096844,-136.039278
262.185909,-136.451969
261.275010,-136.864691
260.367000,-137.284634
259.459026,-137.704609
258.551089,-138.124614
257.643189,-138.544650
256.735327,-138.964718
255.830311,-139.392070
254.925332,-139.819454
254.020392,-140.246868
253.115490,-140.674313
252.210626,-141.101789
251.308567,-141.536615
250.406548,-141.971472
249.504567,-142.406359
248.602625,-142.841277
247.700723,-143.276225
246.801585,-143.718588
245.902486,-144.160981
245.003427,-144.603404
244.104409,-145.045858
243.205431,-145.488341
242.309177,-145.938305
241.412963,-146.388297
240.516791,-146.838320
239.620660,-147.288373
238.724570,-147.738455
237.831200,-148.196056
236.937872,-148.653687
236.044585,-149.111347
235.151339,-149.569037
234.258136,-150.026757
233.367965,-150.491634
232.477834,-150.956541
231.587745,-151.421478
230.697698,-151.886444
229.807691,-152.351440
228.921393,-152.822745
228.035136,-153.294080
227.148919,-153.765444
226.262743,-154.236839
225.376608,-154.708264
224.494882,-155.185116
223.613195,-155.661998
222.731549,-156.138911
221.849943,-156.615854
220.968378,-157.092827
220.091921,-157.574346
219.215504,-158.055896
218.339127,-158.537476
217.462790,-159.019087
216.586493,-159.500729
215.716006,-159.986035
214.845558,-160.471372
213.975150,-160.956741
213.104781,-161.442140
212.234452,-161.927571
211.370608,-162.415798
210.506805,-162.904057
209.643041,-163.392347
208.779317,-163.880668
207.915633,-164.369019
207.058544,-164.859923
206.201508,-165.350851
205.344524,-165.841804
204.487595,-166.332782
203.630719,-166.823785
202.776782,-167.323609
201.922922,-167.823448
201.069138,-168.323302
200.215432,-168.823170
199.361802,-169.323051
198.504759,-169.842859
197.647815,-170.362671
196.790969,-170.882487
195.934222,-171.402306
195.077574,-171.922127
194.212211,-172.472396
193.346896,-173.022692
192.481628,-173.573015
191.616408,-174.123364
190.751237,-174.673741
189.875983,-175.238578
189.000505,-175.803710
188.124790,-176.369133
187.248829,-176.934843
186.372612,-177.500834
185.488063,-177.969902
184.602950,-178.439819
183.717181,-178.910562
182.830670,-179.382097
181.943338,-179.854376
181.048665,-180.096293
180.152861,-180.339533
179.255638,-180.583989
178.356751,-180.829494
177.456015,-181.075834
176.550722,-180.975361
175.643872,-180.875433
174.735308,-180.775852
173.824926,-180.676396
172.912687,-180.576835
172.057687,-180.141540
171.201361,-179.705895
170.343708,-179.269757
169.484760,-178.832987
168.624575,-178.395462
167.898081,-177.696756
167.170852,-176.997437
166.442922,-176.297452
165.714334,-175.596753
164.985136,-174.895300
164.396735,-174.049595
163.808006,-173.203460
163.218967,-172.356879
162.629637,-171.509840
162.040036,-170.662332
161.554174,-169.773994
161.068207,-168.885517
160.582140,-167.996897
160.095978,-167.108130
159.609729,-166.219214
159.160384,-165.327724
158.711141,-164.436427
158.262006,-163.545321
157.812987,-162.654399
157.364090,-161.763659
156.881417,-160.899606
156.399120,-160.035965
155.917216,-159.172721
155.435718,-158.309853
154.954639,-157.447342
154.382323,-156.636467
153.810530,-155.825960
153.239275,-155.015795
152.668569,-154.205941
152.098419,-153.396370
151.434565,-152.657397
150.771337,-151.918685
150.108741,-151.180199
149.446781,-150.441906
148.785456,-149.703768
148.041243,-149.054002
147.297761,-148.404359
146.555006,-147.754799
145.812973,-147.105279
145.071650,-146.455758
144.258341,-145.912292
143.445864,-145.368767
142.634201,-144.825133
141.823332,-144.281340
141.013229,-143.737341
140.142042,-143.316906
139.271763,-142.896169
138.402354,-142.475073
137.533769,-142.053560
136.665960,-141.631580
135.747764,-141.350436
134.830489,-141.068688
133.914065,-140.786276
132.998417,-140.503142
132.083463,-140.219240
131.126736,-140.092958
130.170759,-139.965745
129.215436,-139.837562
128.260670,-139.708379
127.306357,-139.578175
126.321280,-139.609713
125.336593,-139.640428
124.352231,-139.670309
123.368127,-139.699349
122.384212,-139.727547
121.393688,-139.893923
120.403319,-140.059625
119.413062,-140.224652
118.422876,-140.389011
117.432718,-140.552707
116.462236,-140.827057
115.491768,-141.100842
114.521287,-141.374070
113.550761,-141.646749
112.580164,-141.918889
111.657791,-142.274759
110.735327,-142.630016
109.812734,-142.984674
108.889979,-143.338747
107.967026,-143.692253
107.111514,-144.130197
106.255733,-144.567366
105.399624,-145.003791
104.543132,-145.439504
103.686201,-145.874544
102.907229,-146.415991
102.127732,-146.956561
101.347631,-147.496312
100.566852,-148.035307
99.785328,-148.573616
99.090825,-149.241789
98.395595,-149.909208
97.699566,-150.575951
97.002676,-151.242098
96.304869,-151.907735
95.713592,-152.699542
95.121464,-153.490807
94.528431,-154.281613
93.934450,-155.072048
93.339486,-155.862205
92.882286,-156.740912
92.424042,-157.619239
91.964715,-158.497296
91.504273,-159.375194
91.042698,-160.253048
90.748886,-161.183120
90.453973,-162.113069
90.157938,-163.043009
89.860776,-163.973059
89.562491,-164.903334
89.437511,-165.863584
89.311846,-166.823975
89.185501,-167.784562
89.058488,-168.745397
88.930820,-169.706534
88.933718,-170.687444
88.936287,-171.668531
88.938534,-172.649811
88.940468,-173.631298
88.942096,-174.613008
89.024830,-175.603809
89.107303,-176.594734
89.189520,-177.585788
89.271484,-178.576977
89.353200,-179.568308
89.473837,-180.557549
89.594249,-181.546901
89.714439,-182.536367
89.834411,-183.525950
89.954169,-184.515654
90.100405,-185.501841
90.246436,-186.488133
90.392266,-187.474533
90.537897,-188.461043
90.683333,-189.447666
90.849580,-190.431634
91.015639,-191.415697
91.181511,-192.399854
91.347201,-193.384108
91.512711,-194.368459
91.693354,-195.351007
91.873820,-196.333630
92.054112,-197.316329
92.234232,-198.299105
92.414185,-199.281959
92.603581,-200.263848
92.792810,-201.245790
92.981873,-202.227784
93.170774,-203.209831
93.359513,-204.191929
93.552001,-205.173894
93.744328,-206.155882
93.936495,-207.137895
94.128504,-208.119930
94.320359,-209.101988
94.510249,-210.084605
94.699984,-211.067225
94.889566,-212.049847
95.078998,-213.032469
95.268281,-214.015091
95.451964,-214.998581
95.635503,-215.982072
95.818902,-216.965564
96.002162,-217.949056
96.185285,-218.932546
96.363476,-219.916779
96.541536,-220.901016
96.719467,-221.885256
96.897272,-222.869499
97.074953,-223.853744
97.248893,-224.838551
97.422715,-225.823366
97.596421,-226.808187
97.770013,-227.793015
97.943493,-228.777849
98.114424,-229.763066
98.285249,-230.748295
98.455971,-231.733535
98.626591,-232.718787
98.797112,-233.704048
98.966276,-234.689516
99.135346,-235.675000
99.304325,-236.660501
99.473215,-237.646018
99.642019,-238.631551
99.810657,-239.617113
99.979215,-240.602697
100.147694,-241.588303
100.316097,-242.573931
100.484425,-243.559580
100.653757,-244.545059
100.823021,-245.530561
100.992217,-246.516088
101.161350,-247.501638
101.330420,-248.487212
101.501049,-249.472490
101.671620,-250.457790
101.842135,-251.443110
102.012597,-252.428451
102.183008,-253.413812
102.354810,-254.398905
102.526565,-255.384016
102.698276,-256.369144
102.869944,-257.354289
103.041572,-258.339451
103.214382,-259.324382
103.387155,-260.309327
103.559895,-261.294286
103.732604,-262.279259
103.905283,-263.264244
104.078934,-264.249035
104.252560,-265.233837
104.426163,-266.218649
104.599746,-267.203471
104.773310,-268.188303
104.947637,-269.172977
105.121949,-270.157657
105.296250,-271.142345
105.470540,-272.127038
105.644823,-273.111737
105.819659,-274.096315
105.994492,-275.080896
106.169323,-276.065480
106.344156,-277.050067
106.518991,-278.034655
106.694170,-279.019159
106.869356,-280.003663
107.044552,-280.988166
107.219760,-281.972667
107.394982,-282.957166
107.570337,-283.941618
107.745710,-284.926065
107.921105,-285.910508
108.096521,-286.894945
108.271963,-287.879377
108.447329,-288.863798
108.622724,-289.848210
108.798150,-290.832615
108.973610,-291.817010
109.149106,-292.801396
109.324316,-293.785808
109.499566,-294.770208
109.674859,-295.754596
109.850195,-296.738971
110.025579,-297.723333
110.200467,-298.707758
110.375406,-299.692167
110.550399,-300.676561
110.725447,-301.660938
110.900552,-302.645299
111.074953,-303.629760
111.249415,-304.614201
111.423941,-305.598623
111.598534,-306.583026
111.773195,-307.567408
111.946945,-308.551940
112.120768,-309.536450
112.294665,-310.520938
112.468640,-311.505403
112.642695,-312.489844
112.815694,-313.474557
112.988777,-314.459246
113.161947,-315.443912
113.335205,-316.428555
113.508554,-317.413173
113.681012,-318.398068
113.853566,-319.382940
114.026218,-320.367789
114.198970,-321.352613
114.371825,-322.337414
114.544078,-323.322430
114.716438,-324.307423
114.888907,-325.292393
115.061488,-326.277338
115.234184,-327.262259
115.406566,-328.247334
115.579067,-329.232386
115.751689,-330.217414
115.924435,-331.202417
116.097306,-332.187396
116.270152,-333.172467
116.443130,-334.157515
116.616239,-335.142538
116.789484,-336.127536
116.962865,-337.112508
117.136512,-338.097511
117.310300,-339.082490
117.484232,-340.067443
117.658311,-341.052371
117.832538,-342.037272
118.007319,-343.022143
118.182253,-344.006987
118.357343,-344.991805
118.532591,-345.976597
118.707998,-346.961361
118.884248,-347.946031
119.060663,-348.930675
119.237245,-349.915290
119.413996,-350.899878
119.590918,-351.884438
119.768972,-352.868840
119.947202,-353.853214
120.125610,-354.837558
120.304199,-355.821874
120.482970,-356.806160
120.663163,-357.790223
120.843543,-358.774257
121.024112,-359.758260
121.204873,-360.742233
121.385828,-361.726173
121.568492,-362.709827
121.751356,-363.693449
121.934420,-364.677039
122.117687,-365.660595
122.301159,-366.644118
122.486630,-367.627288
122.672311,-368.610425
122.858204,-369.593526
123.044312,-370.576591
123.230635,-371.559619
123.419245,-372.542229
123.608077,-373.524801
123.797131,-374.507335
123.986411,-375.489830
124.175918,-376.472286
124.367964,-377.453907
124.560307,-378.435473
124.752944,-379.416983
124.945869,-380.398439
125.139075,-381.379842
125.334200,-382.359826
125.529595,-383.339755
125.725256,-384.319629
125.921176,-385.299450
126.117351,-386.279219
126.313348,-387.258039
126.509588,-388.236807
126.706068,-389.215524
126.902780,-390.194191
127.099721,-391.172809
127.294216,-392.151097
127.488930,-393.129337
127.683857,-394.107531
127.878993,-395.085681
128.074332,-396.063788
128.264962,-397.042187
128.455787,-398.020546
128.646803,-398.998866
128.838003,-399.977149
129.029383,-400.955397
129.213794,-401.934564
129.398379,-402.913699
129.583131,-403.892804
129.768046,-404.871881
129.953118,-405.850931
130.128953,-406.831455
130.304940,-407.811956
130.481073,-408.792435
130.657348,-409.772896
130.833760,-410.753340
130.998073,-411.733211
131.162536,-412.713069
131.327145,-413.692916
131.491895,-414.672756
131.656779,-415.652590
131.800645,-416.627889
131.944717,-417.603184
132.088988,-418.578482
132.233454,-419.553787
132.378110,-420.529104
132.486065,-421.497292
132.594332,-422.465489
132.702906,-423.433706
132.811780,-424.401953
132.920950,-425.370239
132.977515,-426.328924
133.034552,-427.287641
133.092055,-428.246409
133.150018,-429.205249
133.208432,-430.164178
133.198545,-431.111283
133.189338,-432.058464
133.180804,-433.005757
133.172934,-433.953195
133.165716,-434.900814
133.074616,-435.834948
132.984433,-436.769240
132.895152,-437.703747
132.806758,-438.638523
132.719228,-439.573623
132.531474,-440.497147
132.344723,-441.420935
132.158953,-442.345052
131.974138,-443.269563
131.790248,-444.194529
131.493903,-445.114257
131.198211,-446.034246
130.903154,-446.954532
130.608711,-447.875148
130.314858,-448.796128
129.925042,-449.702217
129.535580,-450.608494
129.146460,-451.514972
128.757668,-452.421666
128.369190,-453.328587
127.908762,-454.207279
127.448506,-455.086077
126.988412,-455.964986
126.528473,-456.844010
126.068679,-457.723151
125.564043,-458.555666
125.059599,-459.388293
124.555337,-460.221035
124.051248,-461.053897
123.547324,-461.886882
123.006981,-462.657532
122.467086,-463.428436
121.927620,-464.199615
121.388563,-464.971087
120.849894,-465.742871
120.254413,-466.447544
119.659669,-467.152681
119.065624,-467.858323
118.472239,-468.564510
117.879469,-469.271278
117.204156,-469.910030
116.529658,-470.549364
115.855926,-471.189328
115.182906,-471.829966
114.510542,-472.471318
113.742133,-473.041945
112.974371,-473.613063
112.207215,-474.184704
111.440624,-474.756897
110.674556,-475.329667
109.834799,-475.820625
108.995610,-476.312021
108.156956,-476.803876
107.318801,-477.296212
106.481110,-477.789046
105.596432,-478.188935
104.712386,-478.589433
103.828932,-478.990574
102.946026,-479.392386
102.063623,-479.794894
101.153508,-480.097424
100.243890,-480.400470
99.334741,-480.704052
98.426028,-481.008190
97.517718,-481.312900
96.586674,-481.528997
95.655937,-481.745349
94.725495,-481.961967
93.795337,-482.178859
92.865450,-482.396033
91.913244,-482.548132
90.961207,-482.700272
90.009337,-482.852457
89.057634,-483.004690
88.106095,-483.156976
87.137248,-483.267446
86.168500,-483.377867
85.199853,-483.488242
84.231308,-483.598572
83.262866,-483.708861
82.283534,-483.792557
81.304282,-483.876188
80.325112,-483.959757
79.346023,-484.043265
78.367017,-484.126714
77.379116,-484.189325
76.391276,-484.251863
75.403500,-484.314330
74.415786,-484.376727
73.428136,-484.439058
72.433287,-484.485756
71.438479,-484.532377
70.443714,-484.578923
69.448991,-484.625397
68.454312,-484.671799
67.454112,-484.707797
66.453931,-484.743719
65.453771,-484.779569
64.453632,-484.815347
63.453514,-484.851056
62.449528,-484.881607
61.445539,-484.912091
60.441547,-484.942509
59.437552,-484.972862
58.433554,-485.003153
57.427517,-485.033548
56.421454,-485.063889
55.415364,-485.094176
54.409247,-485.124411
53.403105,-485.154597
52.399212,-485.189679
51.395293,-485.224715
50.391346,-485.259707
49.387372,-485.294657
48.383371,-485.329567
47.383845,-485.369303
46.384308,-485.408999
45.384761,-485.448657
44.385204,-485.488278
43.385637,-485.527864
42.389843,-485.568835
41.394057,-485.609774
40.398279,-485.650683
39.402510,-485.691563
38.406749,-485.732416
37.413987,-485.771150
36.421252,-485.809863
35.428544,-485.848556
34.435864,-485.887233
33.443211,-485.925894
32.452777,-485.958943
31.462389,-485.991986
30.472048,-486.025025
29.481754,-486.058062
28.491506,-486.091098
27.502684,-486.115043
26.513929,-486.139000
25.525239,-486.162972
24.536614,-486.186960
23.548055,-486.210966
22.560069,-486.222415
21.572168,-486.233899
20.584349,-486.245420
19.596614,-486.256980
18.608961,-486.268581
17.620958,-486.264244
16.633052,-486.259966
15.645244,-486.255749
14.657532,-486.251595
13.669916,-486.247507
12.682648,-486.224595
11.695490,-486.201769
10.708440,-486.179031
9.721498,-486.156383
8.734662,-486.133828
7.749596,-486.089778
6.764651,-486.045845
5.779824,-486.002029
4.795113,-485.958334
3.810518,-485.914763
2.829117,-485.847041
1.847845,-485.779468
0.866699,-485.712048
-0.114325,-485.644784
-1.095228,-485.577677
-2.071516,-485.483776
-3.047670,-485.390063
-4.023695,-485.296541
-4.999594,-485.203213
-5.975371,-485.110082
-6.945125,-484.987525
-7.914745,-484.865199
-8.884235,-484.743107
-9.853600,-484.621251
-10.822844,-484.499635
-11.785036,-484.345921
-12.747099,-484.192479
-13.709039,-484.039312
-14.670861,-483.886422
-15.632571,-483.733812
-16.587211,-483.546725
-17.541737,-483.359933
-18.496155,-483.173438
-19.450471,-482.987242
-20.404693,-482.801348
-21.350877,-482.580572
-22.296966,-482.360108
-23.242965,-482.139958
-24.188882,-481.920124
-25.134724,-481.700608
-26.071270,-481.446289
-27.007740,-481.192299
-27.944142,-480.938639
-28.880482,-480.685311
-29.816769,-480.432316
-30.742507,-480.144598
-31.668191,-479.857224
-32.593830,-479.570196
-33.519430,-479.283514
-34.444999,-478.997180
-35.358770,-478.676205
-36.272511,-478.355588
-37.186230,-478.035332
-38.099937,-477.715435
-39.013638,-477.395900
-39.914297,-477.041803
-40.814952,-476.688078
-41.715612,-476.334726
-42.616286,-475.981747
-43.516981,-475.629140
-44.403561,-475.241973
-45.290159,-474.855173
-46.176781,-474.468738
-47.063435,-474.082665
-47.950129,-473.696953
-48.821823,-473.276816
-49.693556,-472.857040
-50.565335,-472.437621
-51.437167,-472.018558
-52.309059,-471.599848
-53.164807,-471.147484
-54.020615,-470.695472
-54.876489,-470.243810
-55.732436,-469.792495
-56.588464,-469.341524
-57.427164,-468.857755
-58.265944,-468.374331
-59.104809,-467.891247
-59.943768,-467.408502
-60.782826,-466.926092
-61.603372,-466.411744
-62.424017,-465.897732
-63.244767,-465.384052
-64.065629,-464.870701
-64.886610,-464.357675
-65.687895,-463.813575
-66.489296,-463.269802
-67.290822,-462.726352
-68.092479,-462.183222
-68.894272,-461.640407
-69.675185,-461.067384
-70.456234,-460.494678
-71.237425,-459.922287
-72.018765,-459.350205
-72.800260,-458.778429
-73.559692,-458.177313
-74.319278,-457.576506
-75.079024,-456.976004
-75.838936,-456.375800
-76.599021,-455.775892
-77.335862,-455.147517
-78.072876,-454.519440
-78.810067,-453.891657
-79.547442,-453.264163
-80.285007,-452.636954
-80.998150,-451.982152
-81.711482,-451.327638
-82.425010,-450.673407
-83.138739,-450.019455
-83.852675,-449.365776
-84.541014,-448.685380
-85.229560,-448.005261
-85.918318,-447.325415
-86.607296,-446.645836
-87.296497,-445.966518
-87.958928,-445.261360
-88.621585,-444.556468
-89.284471,-443.851837
-89.947593,-443.147461
-90.610956,-442.443335
-91.246382,-441.714245
-91.882049,-440.985410
-92.517964,-440.256824
-93.154132,-439.528480
-93.790557,-438.800373
-94.397948,-438.048095
-95.005597,-437.296058
-95.613509,-436.544256
-96.221690,-435.792683
-96.830144,-435.041331
-97.408722,-434.266453
-97.987570,-433.491798
-98.566692,-432.717360
-99.146092,-431.943132
-99.725775,-431.169107
-100.274870,-430.372770
-100.824243,-429.576637
-101.373899,-428.780702
-101.923843,-427.984958
-102.474078,-427.189399
-102.993031,-426.372898
-103.512272,-425.556583
-104.031804,-424.740447
-104.551631,-423.924483
-105.071758,-423.108685
-105.559912,-422.273320
-106.048363,-421.438121
-106.537112,-420.603084
-107.026164,-419.768199
-107.515523,-418.933461
-107.972222,-418.080533
-108.429224,-417.227754
-108.886533,-416.375117
-109.344152,-415.522614
-109.802084,-414.670239
-110.226672,-413.801053
-110.651570,-412.931998
-111.076783,-412.063066
-111.502312,-411.194251
-111.928160,-410.325544
-112.319983,-409.441407
-112.712124,-408.557383
-113.104586,-407.673463
-113.497370,-406.789641
-113.890480,-405.905909
-114.248887,-405.008129
-114.607619,-404.110442
-114.966678,-403.212842
-115.326066,-402.315320
-115.685785,-401.417870
-116.010127,-400.507753
-116.334801,-399.597710
-116.659808,-398.687735
-116.985150,-397.777820
-117.310828,-396.867957
-117.600461,-395.946808
-117.890432,-395.025715
-118.180741,-394.104670
-118.471390,-393.183666
-118.762381,-392.262695
-119.016662,-391.331816
-119.271285,-390.400975
-119.526253,-389.470162
-119.781567,-388.539370
-120.037226,-387.608592
-120.255514,-386.669282
-120.474150,-385.729988
-120.693136,-384.790704
-120.912472,-383.851421
-121.132158,-382.912131
-121.313819,-381.965664
-121.495833,-381.019195
-121.678201,-380.072714
-121.860923,-379.126214
-122.044000,-378.179685
-122.188502,-377.226730
-122.333353,-376.273751
-122.478551,-375.320740
-122.624096,-374.367689
-122.769989,-373.414588
-122.877845,-372.455595
-122.986765,-371.496619
-123.096740,-370.537636
-123.207761,-369.578619
-123.319818,-368.619545
-123.395148,-367.655623
-123.471477,-366.691618
-123.548797,-365.727508
-123.627096,-364.763269
-123.706364,-363.798880
-123.749886,-362.830713
-123.794338,-361.862376
-123.839711,-360.893848
-123.885990,-359.925110
-123.933166,-358.956142
-123.945575,-357.984493
-123.958843,-357.012599
-123.972955,-356.040442
-123.987899,-355.068006
-124.003663,-354.095274
-123.985644,-353.120980
-123.968406,-352.146378
-123.951936,-351.171455
-123.936221,-350.196195
-123.921246,-349.220583
-123.873474,-348.244549
-123.826406,-347.268157
-123.780027,-346.291395
-123.734324,-345.314249
-123.689282,-344.336708
-123.612434,-343.359899
-123.536211,-342.382693
-123.460599,-341.405078
-123.385584,-340.427043
-123.311150,-339.448579
-123.205906,-338.472017
-123.101210,-337.495027
-122.997046,-336.517599
-122.893400,-335.539725
-122.790258,-334.561398
-122.657307,-333.586151
-122.524826,-332.610454
-122.392801,-331.634300
-122.261216,-330.657681
-122.130058,-329.680592
-121.970099,-328.707772
-121.810534,-327.734487
-121.651349,-326.760733
-121.492528,-325.786504
-121.334059,-324.811796
-121.147802,-323.842549
-120.961866,-322.872832
-120.776235,-321.902639
-120.590896,-320.931969
-120.405833,-319.960818
-120.194003,-318.996325
-119.982421,-318.031361
-119.771072,-317.065924
-119.559943,-316.100012
-119.349020,-315.133623
-119.112301,-314.174914
-118.875760,-313.215745
-118.639382,-312.256116
-118.403154,-311.296026
-118.167062,-310.335475
-117.906113,-309.382410
-117.645275,-308.428940
-117.384534,-307.475068
-117.123878,-306.520793
-116.863295,-305.566118
-116.580906,-304.617663
-116.298573,-303.668883
-116.016283,-302.719780
-115.734026,-301.770356
-115.451790,-300.820614
-115.151779,-299.875544
-114.851781,-298.930232
-114.551784,-297.984681
-114.251779,-297.038894
-113.951755,-296.092875
-113.638018,-295.149990
-113.324261,-294.206949
-113.010472,-293.263756
-112.696643,-292.320414
-112.382763,-291.376926
-112.059255,-290.435039
-111.735700,-289.493081
-111.412087,-288.551058
-111.088409,-287.608973
-110.764655,-286.666830
-110.435373,-285.724751
-110.106021,-284.782688
-109.776591,-283.840644
-109.447073,-282.898623
-109.117459,-281.956630
-108.786509,-281.013372
-108.455464,-280.070201
-108.124316,-279.127119
-107.793056,-278.184130
-107.461673,-277.241237
-107.132507,-276.296549
-106.803201,-275.351966
-106.473746,-274.407493
-106.144133,-273.463132
-105.814352,-272.518887
-105.487036,-271.573032
-105.159530,-270.627291
-104.831825,-269.681668
-104.503912,-268.736166
-104.175781,-267.790787
-103.849589,-266.844151
-103.523157,-265.897638
-103.196476,-264.951250
-102.869537,-264.004992
-102.542330,-263.058867
-102.216537,-262.111837
-101.890454,-261.164938
-101.564073,-260.218175
-101.237384,-259.271550
-100.910377,-258.325066
-100.584260,-257.378033
-100.257804,-256.431140
-99.931000,-255.484392
-99.603839,-254.537792
-99.276312,-253.591343
-98.949149,-252.644700
-98.621600,-251.698208
-98.293653,-250.751871
-97.965300,-249.805692
-97.636532,-248.859675
-97.307606,-247.913821
-96.978245,-246.968131
-96.648439,-246.022609
-96.318179,-245.077258
-95.987456,-244.132081
-95.656192,-243.187329
-95.324446,-242.242758
-94.992209,-241.298372
-94.659471,-240.354174
-94.326224,-239.410168
-93.992335,-238.466621
-93.657919,-237.523273
-93.322965,-236.580128
-92.987465,-235.637189
-92.651409,-234.694460
-92.314646,-233.752195
-91.977308,-232.810147
-91.639388,-231.868320
-91.300875,-230.926716
-90.961761,-229.985341
-90.621874,-229.044434
-90.281367,-228.103763
-89.940231,-227.163330
-89.598457,-226.223139
-89.256034,-225.283194
-88.912774,-224.343724
-88.568848,-223.404506
-88.224247,-222.465546
-87.878961,-221.526845
-87.532982,-220.588409
-87.186099,-219.650452
-86.838505,-218.712767
-86.490189,-217.775356
-86.141143,-216.838224
-85.791358,-215.901374
-85.440604,-214.965010
-85.089093,-214.028935
-84.736814,-213.093152
-84.383760,-212.157667
-84.029920,-211.222482
-83.675046,-210.287788
-83.319369,-209.353403
-82.962879,-208.419328
-82.605567,-207.485569
-82.247423,-206.552128
-81.888571,-205.619035
-81.529654,-204.685968
-81.170672,-203.752925
-80.811627,-202.819907
-80.452518,-201.886913
-80.093069,-200.954107
-79.733557,-200.021325
-79.373982,-199.088568
-79.014345,-198.155835
-78.654645,-197.223126
-78.294587,-196.290591
-77.934467,-195.358081
-77.574286,-194.425594
-77.214043,-193.493131
-76.853740,-192.560692
-76.493060,-191.628415
-76.132320,-190.696161
-75.771520,-189.763930
-75.410660,-188.831723
-75.049740,-187.899539
-74.688426,-186.967505
-74.327054,-186.035493
-73.965623,-185.103505
-73.604133,-184.171540
-73.242585,-183.239597
-72.880630,-182.307794
-72.518618,-181.376014
-72.156549,-180.444257
-71.794422,-179.512522
-71.432238,-178.580809
-71.069654,-177.649232
-70.707013,-176.717677
-70.344316,-175.786145
-69.981563,-174.854634
-69.618754,-173.923146
-69.255554,-172.991790
-68.892299,-172.060455
-68.528989,-171.129143
-68.165624,-170.197852
-67.802205,-169.266583
-67.438404,-168.335443
-67.074550,-167.404324
-66.710641,-166.473227
-66.346680,-165.542151
-65.982665,-164.611096
-65.618278,-163.680168
-65.253839,-162.749260
-64.889347,-161.818374
-64.524803,-160.887508
-64.160208,-159.956663
-63.795249,-159.025941
-63.430239,-158.095240
-63.065179,-157.164559
-62.700067,-156.233898
-62.334906,-155.303258
-61.969390,-154.372738
-61.603825,-153.442239
-61.238210,-152.511759
-60.872546,-151.581298
-60.506833,-150.650858
-60.140776,-149.720535
-59.774669,-148.790232
-59.408515,-147.859948
-59.042313,-146.929683
-58.676063,-145.999437
-58.309478,-145.069307
-57.942845,-144.139195
-57.576166,-143.209102
-57.209440,-142.279028
-56.842668,-141.348973
-56.475570,-140.419029
-56.108426,-139.489104
-55.741236,-138.559198
-55.374002,-137.629310
-55.006722,-136.699439
-54.639126,-135.769678
-54.271485,-134.839935
-53.903800,-133.910210
-53.536071,-132.980502
-53.168299,-132.050812
-52.800219,-131.121228
-52.432096,-130.191661
-52.063929,-129.262112
-51.695721,-128.332580
-51.327470,-127.403066
-50.958921,-126.473654
-50.590330,-125.544260
-50.221698,-124.614883
-49.853024,-123.685522
-49.484310,-122.756178
-49.115306,-121.826934
-48.746263,-120.897706
-48.377179,-119.968494
-48.008055,-119.039299
-47.638891,-118.110120
-47.269448,-117.181039
-46.899966,-116.251973
-46.530445,-115.322923
-46.160885,-114.393889
-45.791287,-113.464870
-45.421419,-112.535946
-45.051513,-111.607037
-44.681569,-110.678143
-44.311588,-109.749265
-43.941570,-108.820402
-43.571291,-107.891630
-43.200976,-106.962872
-42.830624,-106.034130
-42.460237,-105.105403
-42.089813,-104.176690
-41.719138,-103.248065
-41.348429,-102.319455
-40.977684,-101.390859
-40.606904,-100.462277
-40.236090,-99.533710
-39.865034,-98.605227
-39.493944,-97.676758
-39.122820,-96.748304
-38.751663,-95.819862
-38.380473,-94.891435
-38.009050,-93.963089
-37.637595,-93.034757
-37.266107,-92.106439
-36.894587,-91.178133
-36.523035,-90.249841
-36.151260,-89.321628
-35.779454,-88.393427
-35.407617,-87.465239
-35.035749,-86.537064
-34.663850,-85.608902
-34.291737,-84.680816
-33.919595,-83.752742
-33.547422,-82.824680
-33.175220,-81.896631
-32.802989,-80.968593
-32.430553,-80.040629
-32.058089,-79.112676
-31.685596,-78.184735
-31.313075,-77.256806
-30.940526,-76.328888
-30.567782,-75.401040
-30.195010,-74.473204
-29.822212,-73.545378
-29.449386,-72.617564
-29.076534,-71.689761
-28.703496,-70.762025
-28.330432,-69.834300
-27.957342,-68.906585
-27.584226,-67.978881
-27.211085,-67.051188
-26.837768,-66.123558
-26.464425,-65.195939
-26.091058,-64.268329
-25.717667,-63.340730
-25.344252,-62.413141
-24.970669,-61.485612
-24.597063,-60.558094
-24.223434,-59.630585
-23.849782,-58.703085
-23.476107,-57.775595
-23.102274,-56.848163
-22.728419,-55.920740
-22.354543,-54.993326
-21.980644,-54.065921
-21.606725,-53.138525
-21.232656,-52.211183
-20.858566,-51.283850
-20.484456,-50.356526
-20.110326,-49.429210
-19.736175,-48.501903
-19.361885,-47.574647
-18.987576,-46.647400
-18.613248,-45.720160
-18.238900,-44.792929
-17.864534,-43.865705
-17.490037,-42.938530
-17.115522,-42.011362
-16.740989,-41.084202
-16.366439,-40.157049
-15.991871,-39.229904
-15.617182,-38.302804
-15.242476,-37.375712
-14.867754,-36.448626
-14.493015,-35.521547
-14.118260,-34.594475
-13.743394,-33.667445
-13.368512,-32.740422
-12.993614,-31.813406
-12.618702,-30.886395
-12.243774,-29.959391
-11.868745,-29.032426
-11.493701,-28.105468
-11.118643,-27.178515
-10.743571,-26.251568
-10.368486,-25.324626
-9.993308,-24.397721
-9.618117,-23.470822
-9.242913,-22.543927
-8.867696,-21.617038
-8.492467,-20.690155
-8.117155,-19.763304
-7.741831,-18.836459
-7.366495,-17.909618
-6.991149,-16.982782
-6.615791,-16.055950
-6.240359,-15.129149
-5.864917,-14.202352
-5.489465,-13.275559
-5.114003,-12.348770
-4.738531,-11.421986
-4.362994,-10.495228
-3.987448,-9.568475
-3.611893,-8.641725
-3.236329,-7.714979
-2.860757,-6.788236
-2.485130,-5.861518
-2.109494,-4.934802
-1.733851,-4.008090
-1.358201,-3.081381
